"employee_number","age","attrition","is_attrition","department","job_role","job_level","education","education_field","gender","marital_status","business_travel","distance_from_home","monthly_income","percent_salary_hike","num_companies_worked","over_time","is_overtime","performance_rating","environment_satisfaction","job_involvement","job_satisfaction","relationship_satisfaction","work_life_balance","stock_option_level","total_working_years","training_times_last_year","years_at_company","years_in_current_role","years_since_last_promotion","years_with_curr_manager"
1,41,Yes,1,Sales,Sales Executive,2,2,Life Sciences,Female,Single,Travel_Rarely,1,5993,11,8,Yes,1,3,2,3,4,1,1,0,8,0,6,4,0,5
2,49,No,0,Research & Development,Research Scientist,2,1,Life Sciences,Male,Married,Travel_Frequently,8,5130,23,1,No,0,4,3,2,2,4,3,1,10,3,10,7,1,7
4,37,Yes,1,Research & Development,Laboratory Technician,1,2,Other,Male,Single,Travel_Rarely,2,2090,15,6,Yes,1,3,4,2,3,2,3,0,7,3,0,0,0,0
5,33,No,0,Research & Development,Research Scientist,1,4,Life Sciences,Female,Married,Travel_Frequently,3,2909,11,1,Yes,1,3,4,3,3,3,3,0,8,3,8,7,3,0
7,27,No,0,Research & Development,Laboratory Technician,1,1,Medical,Male,Married,Travel_Rarely,2,3468,12,9,No,0,3,1,3,2,4,3,1,6,3,2,2,2,2
8,32,No,0,Research & Development,Laboratory Technician,1,2,Life Sciences,Male,Single,Travel_Frequently,2,3068,13,0,No,0,3,4,3,4,3,2,0,8,2,7,7,3,6
10,59,No,0,Research & Development,Laboratory Technician,1,3,Medical,Female,Married,Travel_Rarely,3,2670,20,4,Yes,1,4,3,4,1,1,2,3,12,3,1,0,0,0
11,30,No,0,Research & Development,Laboratory Technician,1,1,Life Sciences,Male,Divorced,Travel_Rarely,24,2693,22,1,No,0,4,4,3,3,2,3,1,1,2,1,0,0,0
12,38,No,0,Research & Development,Manufacturing Director,3,3,Life Sciences,Male,Single,Travel_Frequently,23,9526,21,0,No,0,4,4,2,3,2,3,0,10,2,9,7,1,8
13,36,No,0,Research & Development,Healthcare Representative,2,3,Medical,Male,Married,Travel_Rarely,27,5237,13,6,No,0,3,3,3,3,2,2,2,17,3,7,7,7,7
14,35,No,0,Research & Development,Laboratory Technician,1,3,Medical,Male,Married,Travel_Rarely,16,2426,13,0,No,0,3,1,4,2,3,3,1,6,5,5,4,0,3
15,29,No,0,Research & Development,Laboratory Technician,2,2,Life Sciences,Female,Single,Travel_Rarely,15,4193,12,0,Yes,1,3,4,2,3,4,3,0,10,3,9,5,0,8
16,31,No,0,Research & Development,Research Scientist,1,1,Life Sciences,Male,Divorced,Travel_Rarely,26,2911,17,1,No,0,3,1,3,3,4,2,1,5,1,5,2,4,3
18,34,No,0,Research & Development,Laboratory Technician,1,2,Medical,Male,Divorced,Travel_Rarely,19,2661,11,0,No,0,3,2,3,4,3,3,1,3,2,2,2,1,2
19,28,Yes,1,Research & Development,Laboratory Technician,1,3,Life Sciences,Male,Single,Travel_Rarely,24,2028,14,5,Yes,1,3,3,2,3,2,3,0,6,4,4,2,0,3
20,29,No,0,Research & Development,Manufacturing Director,3,4,Life Sciences,Female,Divorced,Travel_Rarely,21,9980,11,1,No,0,3,2,4,1,3,3,1,10,1,10,9,8,8
21,32,No,0,Research & Development,Research Scientist,1,2,Life Sciences,Male,Divorced,Travel_Rarely,5,3298,12,0,Yes,1,3,1,4,2,4,2,2,7,5,6,2,0,5
22,22,No,0,Research & Development,Laboratory Technician,1,2,Medical,Male,Divorced,Non-Travel,16,2935,13,1,Yes,1,3,4,4,4,2,2,2,1,2,1,0,0,0
23,53,No,0,Sales,Manager,4,4,Life Sciences,Female,Married,Travel_Rarely,2,15427,16,2,No,0,3,1,2,4,3,3,0,31,3,25,8,3,7
24,38,No,0,Research & Development,Research Scientist,1,3,Life Sciences,Male,Single,Travel_Rarely,2,3944,11,5,Yes,1,3,4,3,4,3,3,0,6,3,3,2,1,2
26,24,No,0,Research & Development,Manufacturing Director,2,2,Other,Female,Divorced,Non-Travel,11,4011,18,0,No,0,3,1,4,3,4,2,1,5,5,4,2,1,3
27,36,Yes,1,Sales,Sales Representative,1,4,Life Sciences,Male,Single,Travel_Rarely,9,3407,23,7,No,0,4,3,2,1,2,3,0,10,4,5,3,0,3
28,34,No,0,Research & Development,Research Director,3,4,Life Sciences,Female,Single,Travel_Rarely,7,11994,11,0,No,0,3,1,3,2,3,3,0,13,4,12,6,2,11
30,21,No,0,Research & Development,Research Scientist,1,2,Life Sciences,Male,Single,Travel_Rarely,15,1232,14,1,No,0,3,3,3,4,4,3,0,0,6,0,0,0,0
31,34,Yes,1,Research & Development,Research Scientist,1,1,Medical,Male,Single,Travel_Rarely,6,2960,11,2,No,0,3,2,3,1,3,3,0,8,2,4,2,1,3
32,53,No,0,Research & Development,Manager,5,3,Other,Female,Divorced,Travel_Rarely,5,19094,11,4,No,0,3,3,3,3,4,2,1,26,3,14,13,4,8
33,32,Yes,1,Research & Development,Research Scientist,1,1,Life Sciences,Female,Single,Travel_Frequently,16,3919,22,1,Yes,1,4,2,1,1,2,3,0,10,5,10,2,6,7
35,42,No,0,Sales,Sales Executive,2,4,Marketing,Male,Married,Travel_Rarely,8,6825,11,0,No,0,3,3,3,2,4,3,1,10,2,9,7,4,2
36,44,No,0,Research & Development,Healthcare Representative,3,4,Medical,Female,Married,Travel_Rarely,7,10248,14,3,No,0,3,1,2,4,4,3,1,24,4,22,6,5,17
38,46,No,0,Sales,Manager,5,4,Marketing,Female,Single,Travel_Rarely,2,18947,12,3,No,0,3,2,3,1,4,2,0,22,2,2,2,2,1
39,33,No,0,Research & Development,Laboratory Technician,1,3,Medical,Male,Single,Travel_Rarely,2,2496,11,4,No,0,3,3,3,4,4,3,0,7,3,1,1,0,0
40,44,No,0,Research & Development,Healthcare Representative,2,4,Other,Male,Married,Travel_Rarely,10,6465,13,2,Yes,1,3,4,3,4,4,4,0,9,5,4,2,1,3
41,30,No,0,Research & Development,Laboratory Technician,1,2,Medical,Male,Single,Travel_Rarely,9,2206,13,1,No,0,3,4,2,3,1,3,0,10,5,10,0,1,8
42,39,Yes,1,Sales,Sales Representative,2,3,Technical Degree,Male,Married,Travel_Rarely,5,2086,14,3,No,0,3,4,3,4,3,4,1,19,6,1,0,0,0
45,24,Yes,1,Research & Development,Research Scientist,1,3,Medical,Male,Married,Travel_Rarely,1,2293,16,2,Yes,1,3,2,3,4,1,2,1,6,2,2,0,2,0
46,43,No,0,Research & Development,Research Scientist,1,2,Medical,Female,Divorced,Travel_Rarely,2,2645,12,1,No,0,3,4,4,3,4,2,2,6,3,5,3,1,4
47,50,Yes,1,Sales,Sales Representative,1,2,Marketing,Male,Married,Travel_Rarely,3,2683,14,1,Yes,1,3,1,2,3,3,3,0,3,2,3,2,0,2
49,35,No,0,Sales,Sales Representative,1,3,Marketing,Female,Married,Travel_Rarely,2,2014,13,1,No,0,3,4,3,4,1,3,0,2,3,2,2,2,2
51,36,No,0,Research & Development,Research Scientist,1,4,Life Sciences,Female,Married,Travel_Rarely,5,3419,14,9,Yes,1,3,2,2,1,4,4,1,6,3,1,1,0,0
52,33,No,0,Sales,Sales Executive,2,3,Life Sciences,Female,Married,Travel_Frequently,1,5376,19,2,No,0,3,3,4,1,1,3,2,10,3,5,3,1,3
53,35,No,0,Research & Development,Laboratory Technician,1,2,Other,Male,Divorced,Travel_Rarely,4,1951,12,1,No,0,3,3,3,4,3,3,1,1,3,1,0,0,0
54,27,No,0,Research & Development,Laboratory Technician,1,4,Life Sciences,Female,Divorced,Travel_Rarely,2,2341,13,1,No,0,3,4,3,1,4,3,1,1,6,1,0,0,0
55,26,Yes,1,Research & Development,Laboratory Technician,1,3,Life Sciences,Male,Single,Travel_Rarely,25,2293,12,1,No,0,3,1,1,3,3,2,0,1,2,1,0,0,1
56,27,No,0,Sales,Sales Executive,3,3,Life Sciences,Male,Single,Travel_Frequently,8,8726,15,1,No,0,3,4,3,3,4,3,0,9,0,9,8,1,7
57,30,No,0,Research & Development,Laboratory Technician,2,2,Medical,Female,Single,Travel_Frequently,1,4011,23,1,No,0,4,3,3,4,4,3,0,12,2,12,8,3,7
58,41,Yes,1,Research & Development,Research Director,5,3,Technical Degree,Female,Married,Travel_Rarely,12,19545,12,1,No,0,3,2,3,3,4,3,0,23,0,22,15,15,8
60,34,No,0,Sales,Sales Executive,2,4,Marketing,Male,Single,Non-Travel,23,4568,20,0,No,0,4,2,3,3,3,3,0,10,2,9,5,8,7
61,37,No,0,Research & Development,Research Scientist,1,2,Life Sciences,Male,Married,Travel_Rarely,19,3022,21,4,No,0,4,2,3,2,1,3,0,8,1,1,0,0,0
62,46,No,0,Sales,Sales Executive,2,4,Marketing,Male,Single,Travel_Frequently,5,5772,21,4,Yes,1,4,1,3,4,3,3,0,14,4,9,6,0,8
63,35,No,0,Research & Development,Laboratory Technician,1,1,Life Sciences,Male,Married,Travel_Rarely,8,2269,19,1,No,0,3,4,4,4,4,3,0,1,2,1,0,0,1
64,48,Yes,1,Research & Development,Laboratory Technician,3,2,Life Sciences,Male,Single,Travel_Rarely,1,5381,13,9,Yes,1,3,1,2,3,4,3,0,23,2,1,0,0,0
65,28,Yes,1,Research & Development,Laboratory Technician,1,4,Technical Degree,Male,Single,Travel_Rarely,5,3441,13,1,Yes,1,3,3,3,3,3,2,0,2,3,2,2,2,2
68,44,No,0,Sales,Sales Executive,2,5,Marketing,Female,Divorced,Travel_Rarely,1,5454,21,5,Yes,1,4,2,3,1,3,2,1,9,2,4,3,1,3
70,35,No,0,Research & Development,Healthcare Representative,3,2,Medical,Male,Married,Non-Travel,11,9884,13,2,Yes,1,3,3,2,1,3,3,1,10,3,4,0,2,3
72,26,No,0,Sales,Sales Executive,2,3,Marketing,Female,Married,Travel_Rarely,23,4157,19,7,Yes,1,3,3,2,4,3,2,1,5,2,2,2,0,0
73,33,No,0,Research & Development,Research Director,3,2,Life Sciences,Female,Single,Travel_Frequently,1,13458,12,1,Yes,1,3,1,3,4,3,3,0,15,1,15,14,8,12
74,35,No,0,Sales,Sales Executive,3,5,Life Sciences,Male,Married,Travel_Frequently,18,9069,22,1,No,0,4,2,3,1,4,2,1,9,3,9,8,1,8
75,35,No,0,Research & Development,Laboratory Technician,1,4,Medical,Female,Married,Travel_Rarely,23,4014,15,3,Yes,1,3,3,3,1,3,3,1,4,3,2,2,2,2
76,31,No,0,Research & Development,Laboratory Technician,2,4,Life Sciences,Male,Divorced,Travel_Rarely,7,5915,22,3,No,0,4,4,3,4,4,2,1,10,3,7,7,1,7
77,37,No,0,Research & Development,Manufacturing Director,2,4,Life Sciences,Male,Divorced,Travel_Rarely,1,5993,18,1,No,0,3,1,2,3,3,4,1,7,2,7,5,0,7
78,32,No,0,Research & Development,Manufacturing Director,2,3,Medical,Male,Married,Travel_Rarely,1,6162,22,1,Yes,1,4,1,3,4,2,3,1,9,3,9,8,7,8
79,38,No,0,Research & Development,Laboratory Technician,2,5,Life Sciences,Female,Single,Travel_Frequently,29,2406,11,1,No,0,3,4,3,4,4,3,0,10,2,10,3,9,9
80,50,No,0,Research & Development,Research Director,5,2,Medical,Female,Divorced,Travel_Rarely,7,18740,12,5,Yes,1,3,2,2,3,4,2,1,29,2,27,3,13,8
81,59,No,0,Sales,Sales Executive,3,3,Life Sciences,Female,Single,Travel_Rarely,25,7637,11,7,No,0,3,1,3,1,4,2,0,28,3,21,16,7,9
83,36,No,0,Research & Development,Healthcare Representative,3,3,Technical Degree,Female,Divorced,Travel_Rarely,8,10096,13,1,No,0,3,3,3,3,2,3,3,17,2,17,14,12,8
84,55,No,0,Research & Development,Manager,4,3,Medical,Female,Divorced,Travel_Rarely,8,14756,14,2,Yes,1,3,4,3,3,3,3,3,21,2,5,0,0,2
85,36,No,0,Research & Development,Manufacturing Director,2,3,Life Sciences,Male,Single,Travel_Frequently,11,6499,13,1,No,0,3,2,2,2,3,3,0,6,3,6,5,0,3
86,45,No,0,Research & Development,Research Scientist,3,3,Life Sciences,Male,Divorced,Travel_Rarely,7,9724,17,2,No,0,3,2,3,1,3,3,1,25,2,1,0,0,0
138,34,No,0,Research & Development,Research Scientist,2,4,Other,Female,Single,Travel_Rarely,6,4809,14,1,No,0,3,1,3,3,3,3,0,16,3,16,13,2,10
88,35,No,0,Research & Development,Research Scientist,1,3,Medical,Male,Married,Travel_Frequently,1,2194,13,4,No,0,3,2,3,1,4,2,1,5,2,3,2,1,2
90,36,Yes,1,Research & Development,Research Scientist,1,3,Medical,Male,Married,Travel_Rarely,9,3388,17,0,Yes,1,3,4,2,3,1,2,1,2,0,1,0,0,0
91,59,No,0,Sales,Sales Executive,2,1,Life Sciences,Female,Single,Travel_Frequently,1,5473,11,7,No,0,3,1,2,3,4,2,0,20,2,4,3,1,3
94,29,No,0,Research & Development,Research Scientist,1,3,Life Sciences,Male,Married,Travel_Rarely,2,2703,23,0,No,0,4,3,3,2,4,3,1,6,3,5,4,0,4
95,31,No,0,Research & Development,Research Scientist,1,4,Medical,Male,Single,Travel_Rarely,1,2501,17,1,No,0,3,3,3,2,2,3,0,1,4,1,1,1,0
96,32,No,0,Research & Development,Research Scientist,2,3,Life Sciences,Male,Married,Travel_Rarely,1,6220,17,1,No,0,3,2,3,2,2,3,2,10,3,10,4,0,9
97,36,No,0,Research & Development,Laboratory Technician,1,3,Life Sciences,Female,Married,Travel_Rarely,6,3038,12,3,No,0,3,2,4,4,2,3,0,5,3,1,0,0,0
98,31,No,0,Research & Development,Manufacturing Director,2,4,Life Sciences,Female,Single,Travel_Rarely,8,4424,23,1,No,0,4,3,3,4,4,3,0,11,2,11,7,1,8
100,35,No,0,Sales,Sales Executive,2,4,Marketing,Male,Single,Travel_Rarely,1,4312,14,0,No,0,3,3,2,1,2,3,0,16,2,15,13,2,8
101,45,No,0,Research & Development,Research Director,3,4,Other,Male,Married,Travel_Rarely,6,13245,14,4,Yes,1,3,4,3,1,2,4,0,17,3,0,0,0,0
102,37,No,0,Research & Development,Research Director,3,4,Medical,Male,Single,Travel_Rarely,7,13664,13,4,No,0,3,1,3,3,1,4,0,16,3,5,2,0,2
103,46,No,0,Human Resources,Human Resources,2,2,Medical,Male,Divorced,Travel_Rarely,5,5021,22,8,Yes,1,4,2,3,2,4,3,1,16,2,4,2,0,2
104,30,No,0,Research & Development,Laboratory Technician,2,1,Life Sciences,Male,Married,Travel_Rarely,1,5126,12,1,Yes,1,3,4,2,4,3,2,2,10,1,10,8,3,0
105,35,No,0,Research & Development,Research Scientist,1,3,Medical,Male,Single,Travel_Rarely,1,2859,18,1,No,0,3,2,2,3,1,3,0,6,3,6,4,0,4
106,55,No,0,Sales,Sales Executive,3,2,Life Sciences,Male,Married,Travel_Rarely,1,10239,14,3,No,0,3,1,3,4,4,3,1,24,4,1,0,1,0
107,38,No,0,Research & Development,Research Scientist,2,3,Medical,Female,Divorced,Non-Travel,6,5329,12,7,Yes,1,3,2,1,4,4,3,3,17,3,13,11,1,9
110,34,No,0,Research & Development,Manufacturing Director,2,2,Medical,Male,Married,Travel_Rarely,1,4325,15,1,No,0,3,1,3,2,3,3,0,5,2,5,2,1,3
112,56,No,0,Research & Development,Manufacturing Director,3,3,Life Sciences,Male,Single,Travel_Rarely,7,7260,11,4,No,0,3,4,1,4,1,2,0,37,3,6,4,0,2
113,23,No,0,Sales,Sales Representative,1,1,Technical Degree,Male,Divorced,Travel_Rarely,2,2322,13,3,No,0,3,3,3,1,3,3,1,3,3,0,0,0,0
116,51,No,0,Research & Development,Laboratory Technician,1,4,Life Sciences,Male,Married,Travel_Rarely,9,2075,23,3,No,0,4,4,3,4,2,3,2,10,4,4,2,0,3
117,30,No,0,Research & Development,Healthcare Representative,2,3,Life Sciences,Male,Married,Travel_Rarely,2,4152,19,1,No,0,3,3,2,4,1,3,3,11,3,11,10,10,8
118,46,Yes,1,Sales,Sales Executive,3,2,Medical,Male,Single,Travel_Rarely,9,9619,16,1,No,0,3,3,2,4,4,3,0,9,3,9,8,4,7
119,40,No,0,Research & Development,Healthcare Representative,4,4,Life Sciences,Male,Married,Travel_Frequently,1,13503,22,1,No,0,4,3,2,2,4,2,1,22,3,22,3,11,11
120,51,No,0,Sales,Sales Executive,2,4,Marketing,Male,Single,Travel_Rarely,21,5441,22,0,Yes,1,4,3,3,4,4,1,0,11,2,10,7,1,0
121,30,No,0,Sales,Sales Executive,2,2,Medical,Female,Divorced,Travel_Rarely,4,5209,12,1,Yes,1,3,3,2,2,2,2,3,11,4,11,8,2,7
124,46,No,0,Research & Development,Healthcare Representative,3,3,Medical,Male,Married,Travel_Frequently,1,10673,13,2,Yes,1,3,3,2,1,3,2,1,21,5,10,9,9,5
125,32,No,0,Sales,Sales Executive,2,4,Medical,Male,Single,Travel_Rarely,6,5010,16,1,No,0,3,2,3,3,1,3,0,12,0,11,8,5,7
126,54,No,0,Research & Development,Research Director,3,4,Technical Degree,Female,Married,Travel_Rarely,2,13549,12,9,No,0,3,1,3,3,1,1,1,16,5,4,3,0,3
128,24,No,0,Sales,Sales Executive,2,2,Other,Female,Married,Travel_Rarely,3,4999,21,0,No,0,4,1,3,3,1,2,1,4,2,3,2,0,2
129,28,No,0,Sales,Sales Executive,2,3,Medical,Male,Married,Non-Travel,4,4221,15,1,No,0,3,2,3,3,2,4,0,5,3,5,4,0,4
131,58,No,0,Sales,Sales Executive,4,4,Medical,Male,Single,Travel_Rarely,10,13872,13,0,No,0,3,4,3,3,3,2,0,38,1,37,10,1,8
132,44,No,0,Research & Development,Laboratory Technician,2,3,Medical,Male,Married,Non-Travel,23,2042,12,4,No,0,3,2,3,2,3,4,1,17,3,3,2,1,2
133,37,Yes,1,Human Resources,Human Resources,1,4,Human Resources,Male,Divorced,Travel_Rarely,6,2073,22,4,Yes,1,4,3,3,1,4,3,0,7,3,3,2,0,2
134,32,No,0,Research & Development,Research Scientist,1,1,Life Sciences,Male,Single,Travel_Rarely,1,2956,13,1,No,0,3,4,3,1,4,3,0,1,2,1,0,0,0
137,20,Yes,1,Research & Development,Laboratory Technician,1,3,Life Sciences,Female,Single,Travel_Frequently,6,2926,18,1,Yes,1,3,4,2,4,2,3,0,1,5,1,0,1,0
139,37,No,0,Research & Development,Healthcare Representative,2,2,Life Sciences,Male,Divorced,Non-Travel,2,5163,14,5,No,0,3,3,2,4,4,4,1,17,2,1,0,0,0
140,59,No,0,Human Resources,Manager,5,4,Human Resources,Female,Married,Non-Travel,2,18844,21,9,No,0,4,3,2,4,4,3,1,30,3,3,2,2,2
141,50,No,0,Research & Development,Research Director,5,3,Life Sciences,Female,Married,Travel_Frequently,1,18172,19,3,Yes,1,3,1,3,2,1,2,0,28,1,8,3,0,7
142,25,Yes,1,Sales,Sales Executive,2,3,Marketing,Male,Single,Travel_Rarely,5,5744,11,1,Yes,1,3,3,2,3,4,3,0,6,1,6,4,0,3
143,25,No,0,Research & Development,Research Scientist,1,1,Medical,Male,Married,Travel_Rarely,7,2889,11,1,No,0,3,4,2,4,3,3,2,2,2,2,2,2,1
144,22,No,0,Research & Development,Laboratory Technician,1,3,Medical,Female,Single,Travel_Rarely,15,2871,15,1,No,0,3,2,3,4,3,3,0,1,5,0,0,0,0
145,51,No,0,Research & Development,Healthcare Representative,3,4,Medical,Female,Single,Travel_Frequently,1,7484,20,3,No,0,4,1,2,1,3,2,0,23,1,13,12,12,8
147,34,Yes,1,Research & Development,Laboratory Technician,2,3,Life Sciences,Male,Single,Travel_Frequently,7,6074,24,1,Yes,1,4,1,1,3,4,3,0,9,3,9,7,0,6
148,54,No,0,Human Resources,Manager,4,3,Human Resources,Female,Single,Non-Travel,26,17328,12,2,Yes,1,3,4,4,4,3,3,0,23,3,5,3,4,4
150,24,No,0,Research & Development,Laboratory Technician,1,1,Life Sciences,Male,Married,Travel_Rarely,18,2774,12,0,No,0,3,2,3,3,3,3,1,6,2,5,3,1,2
151,34,No,0,Research & Development,Research Scientist,2,4,Life Sciences,Female,Divorced,Travel_Rarely,6,4505,15,6,No,0,3,3,2,2,3,3,1,12,3,1,0,0,0
152,37,No,0,Sales,Sales Executive,3,3,Life Sciences,Male,Single,Travel_Rarely,3,7428,12,2,No,0,3,3,3,4,1,3,0,12,3,5,3,1,3
153,34,No,0,Research & Development,Manager,3,3,Medical,Female,Single,Travel_Rarely,5,11631,12,2,No,0,3,3,2,1,4,3,0,14,6,11,10,5,8
154,36,No,0,Sales,Sales Executive,3,2,Technical Degree,Female,Married,Travel_Frequently,11,9738,14,0,No,0,3,2,3,4,3,3,1,10,6,9,7,2,8
155,36,No,0,Research & Development,Laboratory Technician,1,2,Life Sciences,Female,Divorced,Travel_Rarely,3,2835,22,5,No,0,4,1,3,4,1,3,1,7,2,1,0,0,0
158,43,No,0,Sales,Manager,4,2,Life Sciences,Male,Married,Travel_Frequently,26,16959,12,1,Yes,1,3,3,3,4,4,4,2,25,3,25,12,4,12
159,30,No,0,Research & Development,Research Scientist,1,3,Life Sciences,Male,Divorced,Travel_Frequently,23,2613,25,1,No,0,4,1,1,3,3,2,3,10,2,10,7,0,9
160,33,No,0,Sales,Sales Executive,2,2,Marketing,Male,Married,Non-Travel,22,6146,13,0,No,0,3,3,3,2,1,4,1,8,2,7,7,0,7
161,56,Yes,1,Research & Development,Research Scientist,1,4,Life Sciences,Female,Married,Travel_Rarely,14,4963,18,9,Yes,1,3,2,3,2,1,3,3,7,2,5,4,4,3
162,51,No,0,Research & Development,Research Director,5,3,Life Sciences,Male,Single,Travel_Rarely,6,19537,13,7,No,0,3,1,3,3,3,3,0,23,5,20,18,15,15
163,31,Yes,1,Sales,Sales Executive,2,4,Life Sciences,Male,Married,Travel_Rarely,6,6172,18,4,Yes,1,3,2,1,3,2,2,0,12,3,7,7,7,7
164,26,No,0,Research & Development,Research Scientist,1,3,Other,Female,Married,Travel_Rarely,6,2368,19,1,No,0,3,3,2,2,3,2,0,5,3,5,4,4,3
165,58,Yes,1,Research & Development,Healthcare Representative,3,4,Medical,Female,Married,Travel_Rarely,23,10312,12,1,No,0,3,4,3,4,4,2,1,40,3,40,10,15,6
167,19,Yes,1,Sales,Sales Representative,1,1,Marketing,Male,Single,Travel_Rarely,22,1675,19,1,Yes,1,3,4,3,3,4,2,0,0,2,0,0,0,0
169,22,No,0,Research & Development,Laboratory Technician,1,1,Technical Degree,Male,Married,Travel_Rarely,2,2523,14,0,No,0,3,3,3,4,3,3,1,3,2,2,1,2,1
170,49,No,0,Research & Development,Manufacturing Director,2,4,Medical,Female,Married,Travel_Rarely,20,6567,14,1,No,0,3,3,3,1,3,2,0,16,2,15,11,5,11
171,43,No,0,Research & Development,Research Scientist,1,3,Medical,Female,Single,Travel_Frequently,28,4739,12,4,No,0,3,2,4,3,4,3,0,18,2,3,2,1,2
174,50,No,0,Sales,Sales Executive,3,3,Marketing,Female,Single,Travel_Frequently,12,9208,11,4,No,0,3,3,3,4,4,3,0,16,3,2,2,2,1
175,31,Yes,1,Sales,Sales Executive,2,3,Life Sciences,Female,Married,Travel_Rarely,20,4559,11,3,Yes,1,3,2,1,3,3,3,1,4,2,2,2,2,2
176,41,No,0,Sales,Sales Executive,3,1,Life Sciences,Male,Divorced,Travel_Rarely,9,8189,13,3,Yes,1,3,3,3,3,3,3,1,12,2,9,7,0,7
177,26,No,0,Human Resources,Human Resources,1,1,Life Sciences,Female,Married,Travel_Rarely,25,2942,23,1,No,0,4,3,3,3,4,3,1,8,3,8,7,5,7
178,36,No,0,Research & Development,Manufacturing Director,2,2,Medical,Male,Divorced,Travel_Rarely,6,4941,20,6,No,0,4,2,3,2,4,3,2,7,0,3,2,0,1
179,51,Yes,1,Research & Development,Manufacturing Director,3,4,Life Sciences,Male,Single,Travel_Frequently,8,10650,15,2,No,0,3,1,1,4,4,3,0,18,2,4,2,0,3
182,39,No,0,Sales,Sales Executive,2,4,Life Sciences,Female,Married,Travel_Rarely,4,5902,14,4,No,0,3,4,2,3,3,4,1,17,1,15,11,5,9
183,25,No,0,Sales,Sales Executive,2,3,Life Sciences,Male,Married,Travel_Rarely,28,8639,18,2,No,0,3,1,2,3,4,3,0,6,3,2,2,2,2
184,30,No,0,Human Resources,Human Resources,2,3,Human Resources,Male,Married,Travel_Rarely,9,6347,19,0,Yes,1,3,3,3,4,4,1,0,12,2,11,9,4,7
190,32,Yes,1,Research & Development,Laboratory Technician,1,3,Medical,Female,Single,Travel_Rarely,9,4200,22,7,No,0,4,1,3,1,1,4,0,10,2,5,4,0,4
192,45,No,0,Research & Development,Research Scientist,1,3,Medical,Male,Single,Travel_Rarely,29,3452,13,5,No,0,3,3,3,4,2,2,0,9,2,6,5,0,3
193,38,No,0,Research & Development,Research Scientist,2,5,Technical Degree,Female,Single,Travel_Rarely,3,4317,20,3,Yes,1,4,4,3,3,2,3,0,19,2,3,2,2,2
194,30,No,0,Research & Development,Research Scientist,1,3,Life Sciences,Female,Single,Travel_Rarely,18,2632,14,1,No,0,3,1,3,3,3,2,0,5,4,5,4,0,4
195,32,No,0,Sales,Sales Executive,2,2,Medical,Male,Divorced,Travel_Frequently,9,4668,17,0,No,0,3,4,1,4,4,4,3,9,2,8,7,0,7
197,30,No,0,Research & Development,Research Scientist,1,3,Technical Degree,Female,Divorced,Travel_Rarely,5,3204,14,5,No,0,3,4,3,1,4,3,1,8,3,3,2,2,2
198,30,No,0,Research & Development,Laboratory Technician,1,1,Medical,Male,Single,Travel_Rarely,2,2720,13,0,No,0,3,2,2,4,4,3,0,6,3,5,3,1,2
199,41,No,0,Research & Development,Manager,4,3,Life Sciences,Male,Divorced,Travel_Frequently,10,17181,13,4,No,0,3,4,2,1,2,2,1,21,2,7,6,7,7
200,41,No,0,Research & Development,Laboratory Technician,1,4,Life Sciences,Male,Married,Travel_Rarely,9,2238,21,2,No,0,4,3,3,1,4,3,1,7,2,5,0,1,4
201,19,No,0,Research & Development,Laboratory Technician,1,1,Medical,Female,Single,Travel_Rarely,3,1483,14,1,No,0,3,2,3,2,4,3,0,1,3,1,0,0,0
202,40,No,0,Research & Development,Research Scientist,2,3,Medical,Female,Divorced,Travel_Frequently,26,5605,11,1,No,0,3,2,3,2,1,3,1,20,2,20,7,2,13
204,35,No,0,Sales,Sales Executive,3,5,Marketing,Male,Married,Travel_Rarely,1,7295,13,1,No,0,3,3,3,2,1,3,2,10,3,10,8,0,6
205,53,No,0,Sales,Sales Representative,2,2,Marketing,Male,Married,Travel_Rarely,6,2306,20,2,Yes,1,4,2,3,3,4,1,1,13,3,7,7,4,5
206,45,No,0,Research & Development,Laboratory Technician,2,3,Life Sciences,Male,Divorced,Travel_Rarely,9,2348,18,8,No,0,3,2,3,2,3,1,1,20,2,17,9,0,15
207,32,No,0,Sales,Sales Executive,3,3,Marketing,Female,Single,Travel_Frequently,8,8998,14,1,No,0,3,2,3,4,4,3,0,9,2,9,8,3,7
208,29,No,0,Research & Development,Manufacturing Director,2,1,Technical Degree,Male,Married,Non-Travel,1,4319,13,1,No,0,3,4,3,3,1,3,1,10,1,10,7,0,9
211,51,No,0,Research & Development,Manufacturing Director,2,4,Medical,Male,Married,Travel_Rarely,7,6132,17,2,No,0,3,2,2,3,3,3,0,10,2,1,0,0,0
214,58,No,0,Research & Development,Research Scientist,1,3,Medical,Female,Married,Travel_Rarely,9,3346,20,4,Yes,1,4,2,2,2,2,2,1,9,3,1,0,0,0
215,40,No,0,Sales,Sales Executive,3,4,Marketing,Male,Married,Travel_Rarely,4,10855,11,7,No,0,3,3,2,4,1,2,1,15,2,12,11,2,11
216,34,No,0,Sales,Sales Representative,1,4,Marketing,Female,Married,Travel_Frequently,2,2231,18,6,No,0,3,3,3,3,4,3,1,6,3,4,3,1,2
217,22,No,0,Research & Development,Research Scientist,1,1,Medical,Male,Married,Travel_Rarely,19,2323,24,1,No,0,4,3,3,4,1,3,2,2,6,2,2,2,2
218,27,No,0,Research & Development,Research Scientist,1,3,Medical,Male,Divorced,Non-Travel,9,2024,18,6,No,0,3,4,3,2,4,1,1,6,1,2,2,2,2
221,28,No,0,Research & Development,Research Scientist,1,3,Medical,Male,Married,Travel_Rarely,21,2713,11,1,No,0,3,3,3,4,3,1,1,5,2,5,2,0,2
223,57,No,0,Research & Development,Healthcare Representative,3,2,Life Sciences,Male,Divorced,Travel_Rarely,24,9439,16,3,Yes,1,3,3,4,4,2,1,1,12,2,5,3,1,4
224,27,No,0,Research & Development,Research Scientist,1,3,Medical,Male,Divorced,Non-Travel,3,2566,15,1,Yes,1,3,3,2,3,4,2,1,1,2,1,1,0,1
226,50,No,0,Research & Development,Manager,5,3,Life Sciences,Female,Single,Travel_Rarely,11,19926,15,3,No,0,3,3,3,2,2,3,0,21,5,5,4,4,4
227,41,No,0,Research & Development,Research Scientist,1,3,Life Sciences,Male,Divorced,Travel_Rarely,14,2451,12,4,No,0,3,1,3,3,1,3,1,13,2,9,8,1,8
228,30,No,0,Sales,Sales Executive,3,3,Life Sciences,Female,Married,Travel_Rarely,5,9419,12,2,No,0,3,2,3,4,3,3,1,12,2,10,9,7,4
230,38,No,0,Sales,Sales Executive,2,4,Life Sciences,Female,Single,Travel_Rarely,1,8686,22,4,No,0,4,1,2,4,3,4,0,12,2,8,3,0,7
231,32,No,0,Research & Development,Research Scientist,1,5,Life Sciences,Male,Single,Travel_Rarely,6,3038,20,3,No,0,4,3,3,3,1,3,0,8,2,5,4,1,4
233,27,No,0,Research & Development,Research Scientist,1,3,Technical Degree,Male,Married,Travel_Rarely,17,3058,16,0,Yes,1,3,3,3,2,4,2,1,6,3,5,2,1,1
235,19,Yes,1,Sales,Sales Representative,1,1,Technical Degree,Female,Single,Travel_Frequently,1,2325,21,0,No,0,4,3,1,1,1,4,0,1,5,0,0,0,0
238,36,No,0,Research & Development,Laboratory Technician,1,2,Medical,Male,Single,Travel_Frequently,3,2088,12,4,No,0,3,4,3,2,3,2,0,13,3,8,7,7,2
239,30,No,0,Research & Development,Laboratory Technician,2,3,Medical,Male,Divorced,Non-Travel,9,3072,11,1,No,0,3,3,3,1,3,3,2,12,4,12,9,6,10
240,45,No,0,Sales,Sales Executive,2,2,Life Sciences,Female,Divorced,Travel_Rarely,4,5006,11,4,Yes,1,3,3,3,1,1,4,1,9,3,5,4,0,3
241,56,No,0,Research & Development,Research Scientist,1,3,Life Sciences,Female,Divorced,Travel_Rarely,8,4257,18,4,Yes,1,3,3,3,1,3,3,1,19,3,2,2,2,2
242,33,No,0,Research & Development,Research Scientist,1,3,Life Sciences,Male,Single,Travel_Rarely,2,2500,14,0,No,0,3,3,3,4,1,4,0,4,2,3,1,0,2
243,19,Yes,1,Research & Development,Laboratory Technician,1,3,Life Sciences,Male,Single,Travel_Rarely,2,1102,22,1,No,0,4,2,2,4,3,2,0,1,3,1,0,1,0
244,46,No,0,Sales,Sales Executive,3,2,Marketing,Female,Divorced,Travel_Rarely,1,10453,25,1,No,0,4,2,3,1,3,3,3,24,2,24,13,15,7
245,38,No,0,Research & Development,Laboratory Technician,1,2,Life Sciences,Female,Single,Travel_Rarely,9,2288,12,1,No,0,3,3,3,4,3,3,0,2,3,2,2,2,1
246,31,No,0,Research & Development,Research Scientist,1,1,Medical,Female,Married,Travel_Rarely,12,3929,23,8,Yes,1,4,3,3,4,3,3,1,7,0,4,2,0,2
247,34,No,0,Research & Development,Research Scientist,1,2,Medical,Female,Single,Travel_Rarely,27,2311,15,2,No,0,3,4,3,2,4,3,0,9,3,3,2,1,2
248,41,Yes,1,Sales,Sales Representative,1,2,Marketing,Female,Single,Travel_Rarely,20,3140,22,1,Yes,1,4,2,3,2,4,2,0,4,5,4,3,0,2
249,50,No,0,Research & Development,Laboratory Technician,1,3,Medical,Male,Married,Travel_Rarely,1,3690,15,2,No,0,3,3,2,3,4,2,1,5,2,3,2,0,2
250,53,No,0,Research & Development,Manufacturing Director,2,2,Medical,Female,Divorced,Travel_Rarely,13,4450,11,1,No,0,3,4,4,1,3,3,2,5,3,4,2,1,3
252,33,No,0,Research & Development,Research Scientist,1,3,Medical,Female,Married,Travel_Rarely,14,2756,13,1,No,0,3,4,3,2,4,3,1,8,5,8,7,1,6
253,40,No,0,Research & Development,Manager,5,1,Medical,Female,Married,Travel_Rarely,4,19033,14,1,No,0,3,4,3,3,2,3,1,21,2,20,8,9,9
254,55,No,0,Research & Development,Research Director,5,4,Medical,Male,Single,Travel_Rarely,14,18722,11,8,No,0,3,3,4,2,4,3,0,36,3,24,15,2,15
256,34,No,0,Research & Development,Manufacturing Director,2,1,Life Sciences,Male,Married,Travel_Frequently,2,9547,17,1,No,0,3,4,2,3,3,2,0,10,2,10,9,1,9
258,51,No,0,Research & Development,Healthcare Representative,4,3,Medical,Female,Single,Travel_Rarely,3,13734,18,3,No,0,3,4,3,2,3,3,0,21,6,7,7,1,0
259,52,No,0,Research & Development,Manager,5,4,Life Sciences,Male,Married,Travel_Rarely,1,19999,14,0,No,0,3,3,2,3,1,3,1,34,5,33,18,11,9
260,27,No,0,Research & Development,Research Scientist,1,3,Medical,Female,Single,Travel_Rarely,9,2279,16,1,No,0,3,4,3,2,4,2,0,7,2,7,7,0,3
261,35,Yes,1,Research & Development,Manufacturing Director,2,2,Life Sciences,Male,Married,Travel_Rarely,23,5916,13,3,Yes,1,3,2,2,3,1,3,0,8,1,1,0,0,1
262,43,No,0,Research & Development,Research Scientist,1,3,Medical,Male,Divorced,Non-Travel,7,2089,14,4,No,0,3,4,4,4,4,4,3,7,3,5,4,2,2
264,45,No,0,Research & Development,Manager,4,2,Medical,Male,Married,Non-Travel,2,16792,23,9,No,0,4,1,2,4,4,3,1,22,1,20,8,11,8
267,37,No,0,Research & Development,Research Scientist,1,3,Life Sciences,Male,Married,Travel_Rarely,21,3564,12,1,Yes,1,3,2,4,1,1,2,1,8,3,8,7,1,7
269,35,No,0,Research & Development,Laboratory Technician,2,3,Medical,Female,Single,Travel_Frequently,2,4425,11,5,No,0,3,2,3,2,4,3,0,10,5,6,2,1,2
270,42,No,0,Research & Development,Manufacturing Director,2,2,Medical,Female,Divorced,Non-Travel,21,5265,16,2,No,0,3,3,3,3,2,3,1,11,5,5,3,0,2
271,38,No,0,Research & Development,Manufacturing Director,2,4,Life Sciences,Male,Married,Travel_Rarely,2,6553,14,9,No,0,3,4,3,3,2,3,0,14,3,1,0,0,0
273,38,No,0,Research & Development,Manufacturing Director,2,3,Technical Degree,Male,Married,Travel_Rarely,29,6261,18,3,No,0,3,4,3,4,1,1,1,9,3,7,7,1,7
274,27,No,0,Research & Development,Manufacturing Director,2,1,Technical Degree,Male,Married,Travel_Frequently,1,4298,19,5,No,0,3,3,2,1,3,3,1,6,1,2,2,2,0
275,49,No,0,Research & Development,Manufacturing Director,2,4,Life Sciences,Male,Divorced,Non-Travel,18,6804,15,1,Yes,1,3,4,3,4,1,3,2,7,0,7,7,1,7
277,34,No,0,Research & Development,Research Scientist,1,4,Medical,Male,Divorced,Travel_Frequently,10,3815,17,1,Yes,1,3,4,3,3,4,4,1,5,4,5,3,2,0
281,40,No,0,Research & Development,Laboratory Technician,2,2,Medical,Male,Married,Travel_Rarely,19,2741,15,8,Yes,1,3,3,3,4,3,4,1,15,2,7,2,3,7
282,38,Yes,1,Research & Development,Healthcare Representative,2,1,Medical,Male,Married,Travel_Rarely,29,6673,19,7,Yes,1,3,2,3,1,2,3,0,17,2,1,0,0,0
283,29,Yes,1,Sales,Sales Executive,3,3,Marketing,Female,Married,Travel_Rarely,27,7639,22,1,No,0,4,2,3,4,4,2,3,10,3,10,4,1,9
284,22,No,0,Research & Development,Research Scientist,1,3,Life Sciences,Male,Divorced,Travel_Rarely,5,2328,16,1,Yes,1,3,4,4,2,1,2,1,4,2,4,2,2,2
286,36,No,0,Research & Development,Laboratory Technician,1,1,Medical,Female,Single,Travel_Frequently,18,2153,13,1,No,0,3,2,3,4,1,3,0,8,2,8,1,1,7
287,40,No,0,Research & Development,Healthcare Representative,2,5,Life Sciences,Male,Married,Non-Travel,9,4876,14,9,No,0,3,4,2,4,4,1,1,5,5,3,2,0,2
288,46,No,0,Research & Development,Healthcare Representative,3,4,Medical,Male,Divorced,Travel_Rarely,1,9396,16,7,No,0,3,4,3,1,3,3,1,17,3,4,2,0,3
291,32,Yes,1,Sales,Sales Executive,3,4,Medical,Male,Married,Travel_Rarely,4,10400,11,1,No,0,3,4,1,4,3,2,0,14,2,14,8,9,8
292,30,No,0,Research & Development,Manufacturing Director,3,1,Life Sciences,Male,Single,Non-Travel,1,8474,22,1,No,0,4,3,2,3,3,3,0,12,2,11,8,5,8
293,27,No,0,Sales,Sales Executive,2,3,Life Sciences,Female,Single,Travel_Frequently,20,9981,14,1,No,0,3,4,3,3,4,3,0,7,2,7,7,0,7
296,51,No,0,Research & Development,Research Director,3,4,Life Sciences,Male,Married,Travel_Rarely,8,12490,16,5,No,0,3,2,2,2,4,1,2,16,5,10,9,4,7
297,30,Yes,1,Research & Development,Research Scientist,1,3,Technical Degree,Female,Single,Travel_Rarely,3,2657,11,5,Yes,1,3,4,3,1,3,3,0,8,5,5,2,0,4
298,41,No,0,Sales,Manager,3,3,Life Sciences,Female,Single,Travel_Rarely,6,13591,18,3,Yes,1,3,4,3,4,3,3,0,16,3,1,0,0,0
299,30,Yes,1,Sales,Sales Executive,2,4,Marketing,Female,Single,Travel_Frequently,26,6696,15,5,No,0,3,3,2,1,3,2,0,9,5,6,3,0,1
300,29,Yes,1,Research & Development,Research Scientist,1,3,Technical Degree,Male,Single,Travel_Rarely,1,2058,14,0,No,0,3,3,3,3,4,2,0,7,1,6,2,1,5
302,45,No,0,Sales,Sales Executive,3,3,Medical,Female,Single,Non-Travel,6,8865,12,6,No,0,3,4,2,4,4,3,0,23,2,19,7,12,8
303,54,No,0,Sales,Sales Executive,2,3,Marketing,Female,Married,Travel_Rarely,3,5940,14,2,No,0,3,4,3,1,4,3,1,16,4,6,2,0,5
304,36,No,0,Research & Development,Laboratory Technician,2,2,Life Sciences,Male,Single,Travel_Rarely,5,5914,16,8,No,0,3,4,3,2,4,4,0,16,3,13,11,3,7
305,33,No,0,Research & Development,Research Scientist,1,4,Medical,Female,Married,Travel_Rarely,4,2622,21,6,No,0,4,3,2,2,4,3,0,7,3,3,2,1,1
306,37,No,0,Research & Development,Research Director,3,3,Other,Male,Divorced,Travel_Frequently,11,12185,14,1,Yes,1,3,2,3,4,3,3,3,10,1,10,8,0,7
307,38,No,0,Sales,Sales Executive,3,3,Life Sciences,Male,Divorced,Travel_Rarely,3,10609,12,0,No,0,3,1,3,3,3,2,2,17,6,16,10,5,13
308,31,No,0,Research & Development,Manufacturing Director,2,4,Medical,Male,Married,Non-Travel,1,4345,12,0,No,0,3,3,1,3,4,3,1,6,2,5,4,1,4
309,59,No,0,Research & Development,Research Scientist,1,3,Life Sciences,Male,Married,Travel_Rarely,3,2177,17,3,No,0,3,3,2,4,1,3,1,7,6,1,0,0,0
311,37,No,0,Sales,Sales Representative,1,4,Marketing,Male,Divorced,Travel_Frequently,4,2793,17,4,No,0,3,1,3,4,3,3,1,13,2,9,8,5,8
312,29,No,0,Sales,Sales Executive,3,1,Medical,Female,Married,Travel_Frequently,1,7918,14,1,No,0,3,2,3,4,4,3,1,11,5,11,10,4,1
314,35,No,0,Sales,Sales Executive,3,3,Marketing,Female,Single,Travel_Frequently,1,8789,14,1,No,0,3,3,3,3,1,4,0,10,3,10,7,0,8
315,29,Yes,1,Research & Development,Research Scientist,1,1,Medical,Male,Single,Travel_Rarely,18,2389,13,1,Yes,1,3,3,2,4,3,2,0,4,3,4,3,0,1
316,52,No,0,Research & Development,Laboratory Technician,1,3,Life Sciences,Female,Single,Travel_Rarely,2,3212,15,7,No,0,3,3,2,4,2,2,0,6,3,2,2,2,2
319,42,No,0,Research & Development,Manager,5,2,Technical Degree,Male,Married,Travel_Rarely,4,19232,11,1,No,0,3,3,3,4,4,3,0,22,3,22,17,11,15
321,59,No,0,Human Resources,Human Resources,1,2,Medical,Male,Married,Travel_Rarely,6,2267,17,8,No,0,3,2,3,3,4,2,0,7,2,2,2,2,2
323,50,No,0,Sales,Manager,5,4,Medical,Female,Divorced,Travel_Rarely,1,19517,11,3,No,0,3,4,3,4,3,2,1,32,3,7,0,0,6
325,33,Yes,1,Research & Development,Laboratory Technician,1,3,Medical,Male,Married,Travel_Rarely,14,2436,13,5,Yes,1,3,3,3,4,3,1,1,8,2,5,4,0,4
327,43,No,0,Sales,Manager,4,3,Marketing,Female,Married,Travel_Rarely,16,16064,22,5,Yes,1,4,4,3,4,3,3,1,22,3,17,13,1,9
328,33,Yes,1,Research & Development,Laboratory Technician,1,2,Life Sciences,Female,Married,Travel_Rarely,2,2707,20,7,No,0,4,1,3,1,1,4,0,13,3,9,7,1,7
329,52,No,0,Sales,Manager,5,4,Life Sciences,Male,Single,Non-Travel,2,19068,18,1,Yes,1,3,1,2,3,4,4,0,33,2,33,7,15,12
330,32,No,0,Sales,Sales Representative,1,2,Life Sciences,Female,Married,Travel_Rarely,4,3931,11,2,No,0,3,3,3,2,1,3,1,6,5,4,3,1,2
331,32,Yes,1,Research & Development,Laboratory Technician,1,3,Life Sciences,Male,Single,Travel_Rarely,1,3730,14,0,Yes,1,3,4,2,3,4,1,0,4,2,3,2,1,2
332,39,No,0,Research & Development,Laboratory Technician,1,4,Medical,Female,Divorced,Travel_Rarely,1,2232,14,7,No,0,3,3,3,3,3,3,3,7,1,3,2,1,2
333,32,No,0,Sales,Sales Executive,2,4,Marketing,Male,Married,Non-Travel,26,4465,18,0,No,0,3,3,3,4,1,3,0,4,2,3,2,2,2
334,41,No,0,Research & Development,Research Scientist,2,2,Life Sciences,Male,Divorced,Travel_Rarely,19,3072,16,2,No,0,3,3,3,1,1,2,2,17,2,1,0,0,0
335,40,No,0,Research & Development,Research Scientist,2,2,Technical Degree,Male,Divorced,Travel_Rarely,24,3319,17,1,No,0,3,1,3,4,1,3,2,9,3,9,8,4,7
336,45,No,0,Research & Development,Manager,5,3,Other,Male,Married,Travel_Rarely,1,19202,11,0,No,0,3,3,4,4,3,3,1,25,2,24,0,1,7
337,31,No,0,Research & Development,Research Director,3,4,Medical,Male,Divorced,Travel_Frequently,3,13675,12,9,No,0,3,2,3,3,1,3,1,9,3,2,2,2,2
338,33,No,0,Research & Development,Research Scientist,1,4,Life Sciences,Female,Married,Travel_Rarely,5,2911,13,1,No,0,3,3,2,4,3,2,1,2,2,2,2,0,2
339,34,No,0,Research & Development,Manufacturing Director,2,4,Life Sciences,Male,Married,Travel_Rarely,2,5957,13,6,No,0,3,4,2,1,2,3,1,13,3,11,9,5,9
340,37,No,0,Research & Development,Research Scientist,1,2,Medical,Female,Married,Travel_Rarely,1,3920,14,2,No,0,3,3,2,1,1,2,1,17,2,3,1,0,2
341,45,No,0,Research & Development,Manufacturing Director,2,4,Life Sciences,Male,Married,Travel_Frequently,7,6434,17,4,No,0,3,1,4,3,4,3,1,9,1,3,2,0,2
342,37,Yes,1,Research & Development,Manufacturing Director,3,3,Medical,Male,Divorced,Travel_Frequently,10,10048,11,6,No,0,3,1,3,3,2,3,2,17,5,1,0,0,0
343,39,No,0,Research & Development,Healthcare Representative,3,4,Technical Degree,Female,Single,Travel_Frequently,2,10938,25,0,No,0,4,3,3,3,4,3,0,20,1,19,6,11,8
346,29,No,0,Research & Development,Research Scientist,1,3,Life Sciences,Male,Single,Travel_Rarely,15,2340,19,1,No,0,3,3,3,4,1,3,0,6,1,6,5,1,5
347,42,No,0,Research & Development,Research Scientist,2,2,Life Sciences,Female,Single,Travel_Rarely,17,6545,13,3,Yes,1,3,4,4,1,3,3,0,10,1,3,2,0,2
349,29,No,0,Sales,Sales Executive,2,2,Marketing,Male,Divorced,Travel_Rarely,20,6931,14,2,No,0,3,4,3,4,4,3,1,10,2,3,2,0,2
350,25,No,0,Research & Development,Manufacturing Director,2,3,Life Sciences,Female,Married,Travel_Rarely,1,4898,12,0,No,0,3,1,3,3,4,3,2,5,3,4,2,1,2
351,42,No,0,Research & Development,Laboratory Technician,1,3,Medical,Female,Divorced,Travel_Rarely,2,2593,11,0,Yes,1,3,4,2,1,3,3,1,10,4,9,6,7,8
352,40,No,0,Research & Development,Research Director,5,2,Medical,Male,Divorced,Travel_Rarely,2,19436,19,0,No,0,3,1,3,3,4,3,1,22,5,21,7,3,9
353,51,No,0,Research & Development,Research Scientist,1,3,Life Sciences,Male,Married,Travel_Rarely,1,2723,11,1,No,0,3,3,3,4,2,2,0,1,0,1,0,0,0
355,31,Yes,1,Research & Development,Laboratory Technician,1,2,Medical,Male,Single,Travel_Frequently,29,3479,11,0,No,0,3,3,2,2,2,4,0,6,2,5,4,1,4
359,32,No,0,Research & Development,Laboratory Technician,1,3,Life Sciences,Male,Married,Travel_Frequently,7,2794,20,1,No,0,4,2,4,2,3,1,0,5,3,5,1,0,3
361,38,No,0,Sales,Sales Executive,2,2,Life Sciences,Male,Married,Non-Travel,2,5249,18,3,No,0,3,4,2,4,4,3,1,13,0,8,7,7,5
362,32,No,0,Research & Development,Laboratory Technician,2,1,Technical Degree,Male,Single,Travel_Rarely,2,2176,13,4,No,0,3,4,2,1,4,3,0,9,5,6,2,0,4
363,46,No,0,Sales,Manager,4,3,Technical Degree,Female,Married,Travel_Rarely,2,16872,12,3,Yes,1,3,3,1,2,2,2,1,28,2,7,7,7,7
364,28,Yes,1,Research & Development,Laboratory Technician,1,4,Life Sciences,Male,Single,Travel_Rarely,2,3485,11,2,No,0,3,1,3,3,3,1,0,5,5,0,0,0,0
366,29,No,0,Sales,Sales Executive,2,3,Medical,Male,Married,Travel_Rarely,2,6644,19,2,No,0,3,1,2,2,2,3,2,10,2,0,0,0,0
367,31,No,0,Research & Development,Healthcare Representative,2,3,Medical,Male,Married,Travel_Rarely,23,5582,21,0,No,0,4,2,2,4,2,3,1,10,2,9,0,7,8
369,25,No,0,Research & Development,Healthcare Representative,2,2,Life Sciences,Male,Divorced,Non-Travel,5,4000,12,1,No,0,3,2,4,1,4,3,2,6,2,6,3,1,5
372,45,No,0,Research & Development,Healthcare Representative,4,2,Medical,Male,Married,Travel_Rarely,20,13496,14,0,Yes,1,3,3,3,4,2,3,0,21,2,20,7,4,10
373,36,No,0,Research & Development,Laboratory Technician,1,3,Life Sciences,Male,Married,Travel_Rarely,6,3210,11,0,No,0,3,4,3,4,3,3,1,16,4,15,13,10,11
374,55,No,0,Research & Development,Manager,5,3,Medical,Male,Single,Travel_Rarely,1,19045,14,0,Yes,1,3,4,3,1,3,3,0,37,2,36,10,4,13
376,47,Yes,1,Research & Development,Manager,3,4,Life Sciences,Male,Married,Non-Travel,29,11849,12,1,Yes,1,3,1,3,2,4,2,1,10,2,10,7,9,9
377,28,No,0,Research & Development,Research Scientist,1,3,Medical,Male,Married,Travel_Rarely,9,2070,23,1,No,0,4,4,3,4,4,2,1,5,3,5,2,0,4
378,37,No,0,Sales,Sales Executive,2,4,Medical,Male,Married,Travel_Rarely,6,6502,14,4,No,0,3,3,3,4,2,4,1,7,5,5,4,0,1
379,21,No,0,Research & Development,Research Scientist,1,2,Medical,Male,Single,Travel_Rarely,3,3230,17,1,No,0,3,4,2,3,1,4,0,3,4,3,2,1,0
380,37,No,0,Research & Development,Research Director,3,4,Medical,Female,Divorced,Non-Travel,1,13603,18,2,Yes,1,3,1,3,4,1,3,2,15,2,5,2,0,2
381,35,No,0,Research & Development,Manager,3,3,Life Sciences,Female,Divorced,Travel_Rarely,22,11996,18,7,No,0,3,2,4,2,2,2,1,10,6,7,7,6,2
382,38,No,0,Sales,Sales Executive,2,2,Medical,Female,Divorced,Travel_Rarely,7,5605,24,1,Yes,1,4,1,4,1,3,3,1,8,3,8,0,7,7
384,26,No,0,Research & Development,Manufacturing Director,2,3,Life Sciences,Female,Divorced,Travel_Frequently,1,6397,20,1,No,0,4,3,3,2,1,1,1,6,6,6,5,1,4
385,50,No,0,Research & Development,Research Director,5,1,Life Sciences,Male,Divorced,Travel_Rarely,4,19144,14,3,No,0,3,1,3,2,1,2,2,28,4,10,4,1,6
386,53,No,0,Research & Development,Research Director,4,4,Medical,Male,Married,Travel_Rarely,3,17584,16,3,Yes,1,3,3,3,3,4,2,3,21,5,5,3,1,3
387,42,No,0,Sales,Sales Executive,2,1,Life Sciences,Male,Married,Travel_Rarely,1,4907,25,1,No,0,4,2,3,3,3,3,0,20,3,20,16,11,6
388,29,No,0,Sales,Sales Executive,2,2,Life Sciences,Male,Single,Travel_Frequently,2,4554,18,1,No,0,3,2,3,4,1,2,0,10,3,10,7,0,9
389,55,No,0,Research & Development,Laboratory Technician,2,2,Technical Degree,Male,Married,Travel_Rarely,20,5415,19,3,Yes,1,3,2,3,4,4,3,1,12,4,10,7,0,8
390,26,No,0,Research & Development,Healthcare Representative,2,2,Medical,Male,Married,Travel_Frequently,11,4741,13,1,Yes,1,3,1,3,1,3,3,1,5,3,5,3,3,3
391,37,No,0,Research & Development,Research Scientist,1,3,Life Sciences,Female,Single,Travel_Rarely,1,2115,12,1,No,0,3,4,3,4,2,3,0,17,3,17,12,5,7
392,44,Yes,1,Research & Development,Laboratory Technician,1,3,Life Sciences,Male,Divorced,Travel_Frequently,24,3161,22,3,Yes,1,4,4,3,3,4,1,1,19,0,1,0,0,0
393,38,No,0,Research & Development,Healthcare Representative,2,4,Life Sciences,Male,Divorced,Travel_Rarely,23,5745,14,9,No,0,3,4,3,4,2,3,1,10,2,2,2,1,2
394,26,Yes,1,Research & Development,Laboratory Technician,1,4,Medical,Male,Divorced,Travel_Rarely,16,2373,13,2,Yes,1,3,1,3,2,4,3,1,5,2,3,2,0,2
395,28,No,0,Research & Development,Research Scientist,1,2,Life Sciences,Female,Single,Travel_Rarely,8,3310,21,1,No,0,4,4,3,4,4,3,0,5,3,5,3,0,2
396,49,No,0,Research & Development,Research Director,5,4,Life Sciences,Female,Single,Travel_Frequently,10,18665,11,9,Yes,1,3,3,3,1,4,3,0,22,4,3,2,1,2
397,36,No,0,Research & Development,Research Scientist,2,3,Technical Degree,Male,Single,Travel_Rarely,3,4485,12,4,No,0,3,3,3,2,4,3,0,10,2,8,0,7,7
399,31,No,0,Sales,Sales Representative,1,3,Marketing,Female,Divorced,Travel_Frequently,5,2789,11,1,No,0,3,4,3,2,3,2,1,2,5,2,2,2,2
401,26,Yes,1,Sales,Sales Executive,2,4,Marketing,Male,Single,Travel_Rarely,4,5828,12,1,Yes,1,3,4,2,4,2,3,0,8,0,8,7,7,4
403,37,No,0,Research & Development,Research Scientist,1,3,Medical,Male,Married,Travel_Frequently,9,2326,12,1,Yes,1,3,2,3,4,3,2,3,4,3,4,2,1,2
404,42,No,0,Sales,Sales Executive,4,3,Marketing,Female,Married,Travel_Frequently,26,13525,14,5,No,0,3,3,3,2,4,4,1,23,2,20,4,4,8
405,18,Yes,1,Research & Development,Laboratory Technician,1,3,Life Sciences,Male,Single,Travel_Rarely,3,1420,13,1,No,0,3,3,3,3,3,3,0,0,2,0,0,0,0
406,35,No,0,Sales,Sales Executive,3,3,Marketing,Male,Married,Travel_Rarely,16,8020,15,0,No,0,3,3,3,2,3,2,2,12,3,11,9,6,9
407,36,No,0,Research & Development,Laboratory Technician,1,4,Life Sciences,Male,Married,Travel_Frequently,18,3688,18,4,No,0,3,3,4,4,4,3,2,4,2,1,0,0,0
408,51,No,0,Research & Development,Manufacturing Director,2,3,Medical,Male,Divorced,Travel_Rarely,2,5482,18,5,No,0,3,4,1,2,4,3,1,13,3,4,1,1,2
410,41,No,0,Sales,Manager,4,4,Life Sciences,Male,Single,Travel_Rarely,2,16015,19,1,No,0,3,4,3,2,2,3,0,22,2,22,10,0,4
411,18,No,0,Sales,Sales Representative,1,3,Medical,Female,Single,Travel_Rarely,10,1200,12,1,No,0,3,4,2,3,1,3,0,0,2,0,0,0,0
412,28,No,0,Research & Development,Healthcare Representative,2,2,Medical,Male,Single,Travel_Rarely,16,5661,19,0,No,0,3,2,4,1,3,3,0,9,2,8,3,0,7
416,31,No,0,Sales,Sales Executive,2,3,Technical Degree,Male,Married,Travel_Rarely,7,6929,11,4,No,0,3,2,4,4,2,2,1,10,3,8,7,7,7
417,39,No,0,Research & Development,Healthcare Representative,3,3,Medical,Male,Divorced,Travel_Rarely,1,9613,17,0,No,0,3,3,4,4,1,2,3,19,5,18,10,3,7
419,36,No,0,Research & Development,Laboratory Technician,2,4,Life Sciences,Female,Married,Non-Travel,24,5674,15,7,No,0,3,2,3,2,3,3,1,11,3,9,8,0,8
420,32,No,0,Sales,Sales Executive,2,3,Life Sciences,Male,Married,Travel_Rarely,7,5484,14,1,No,0,3,4,2,3,3,2,1,13,3,13,8,4,8
421,38,No,0,Research & Development,Research Director,3,2,Life Sciences,Female,Married,Travel_Rarely,25,12061,17,3,No,0,3,1,2,2,3,3,1,19,2,10,8,0,1
422,58,No,0,Research & Development,Healthcare Representative,2,4,Life Sciences,Male,Divorced,Non-Travel,1,5660,13,2,Yes,1,3,4,1,3,4,3,1,12,2,5,3,1,2
423,31,No,0,Research & Development,Research Scientist,1,4,Technical Degree,Male,Married,Travel_Rarely,5,4821,12,0,Yes,1,3,3,3,4,3,3,1,6,4,5,2,0,3
424,31,No,0,Human Resources,Human Resources,2,3,Human Resources,Male,Married,Travel_Rarely,2,6410,12,3,No,0,3,1,2,1,4,3,0,9,1,2,2,1,0
425,45,No,0,Research & Development,Laboratory Technician,3,3,Life Sciences,Male,Divorced,Travel_Frequently,7,5210,18,1,No,0,3,1,3,1,1,3,1,24,2,24,9,9,11
426,31,No,0,Research & Development,Research Scientist,1,4,Life Sciences,Male,Divorced,Travel_Rarely,2,2695,18,0,Yes,1,3,3,3,4,2,1,1,3,2,2,2,2,2
428,33,No,0,Research & Development,Manager,3,4,Life Sciences,Female,Married,Travel_Frequently,5,11878,11,6,No,0,3,4,3,2,2,3,2,12,2,10,6,8,8
429,39,No,0,Research & Development,Manager,4,1,Medical,Male,Married,Travel_Rarely,10,17068,14,1,Yes,1,3,3,3,1,4,3,0,21,3,21,9,11,10
430,43,No,0,Research & Development,Laboratory Technician,1,4,Life Sciences,Female,Single,Travel_Frequently,10,2455,19,0,No,0,3,3,3,4,1,3,0,9,5,8,7,1,7
431,49,No,0,Research & Development,Healthcare Representative,4,2,Technical Degree,Female,Single,Travel_Rarely,1,13964,12,7,Yes,1,3,3,2,3,4,3,0,25,2,7,1,0,7
433,52,Yes,1,Research & Development,Research Scientist,2,4,Medical,Male,Married,Travel_Rarely,8,4941,15,2,No,0,3,3,2,2,1,2,0,11,3,8,2,7,7
434,27,No,0,Research & Development,Research Scientist,1,3,Life Sciences,Female,Single,Travel_Rarely,5,2478,12,1,Yes,1,3,3,3,2,2,2,0,4,2,4,3,1,2
436,32,No,0,Sales,Sales Executive,2,2,Technical Degree,Female,Married,Travel_Rarely,8,5228,11,1,Yes,1,3,3,2,2,4,3,0,13,2,13,12,11,9
437,27,No,0,Sales,Sales Executive,2,3,Life Sciences,Male,Single,Travel_Rarely,2,4478,11,1,Yes,1,3,4,3,3,1,3,0,5,3,5,4,0,4
438,31,No,0,Sales,Sales Executive,2,3,Marketing,Male,Divorced,Travel_Rarely,7,7547,12,4,No,0,3,4,3,4,4,3,3,13,3,7,7,1,7
439,32,No,0,Research & Development,Research Scientist,2,4,Medical,Female,Single,Travel_Rarely,2,5055,16,7,No,0,3,1,4,4,3,2,0,10,0,7,7,0,7
440,28,Yes,1,Research & Development,Research Scientist,1,4,Medical,Male,Married,Travel_Rarely,2,3464,13,5,Yes,1,3,1,1,4,4,2,0,5,4,3,2,2,2
441,30,No,0,Research & Development,Research Scientist,2,2,Medical,Female,Married,Travel_Rarely,28,5775,13,1,No,0,3,4,3,4,4,3,2,11,2,10,8,1,9
442,31,No,0,Research & Development,Manufacturing Director,3,2,Life Sciences,Female,Married,Travel_Frequently,7,8943,24,1,No,0,4,3,2,3,1,3,1,10,2,10,9,8,9
444,39,No,0,Research & Development,Manager,5,2,Medical,Male,Married,Travel_Frequently,7,19272,15,1,No,0,3,3,2,4,1,3,1,21,2,21,9,13,3
445,39,Yes,1,Sales,Sales Executive,2,2,Medical,Female,Married,Travel_Rarely,3,5238,18,4,Yes,1,3,4,3,3,1,2,0,12,3,1,0,0,0
446,33,No,0,Sales,Sales Executive,2,3,Marketing,Male,Single,Travel_Frequently,10,4682,14,3,No,0,3,2,2,4,3,2,0,9,6,7,7,0,1
447,47,No,0,Research & Development,Research Director,5,5,Life Sciences,Male,Married,Travel_Rarely,5,18300,11,4,No,0,3,4,3,3,2,3,1,21,2,3,2,1,1
448,43,No,0,Research & Development,Laboratory Technician,2,4,Life Sciences,Female,Divorced,Travel_Frequently,10,5257,11,1,No,0,3,3,2,3,2,4,1,9,3,9,7,0,0
449,27,No,0,Sales,Sales Executive,2,1,Marketing,Male,Married,Non-Travel,1,6349,13,0,Yes,1,3,3,3,2,4,3,1,6,0,5,4,1,4
450,54,No,0,Research & Development,Research Scientist,2,4,Life Sciences,Female,Single,Travel_Frequently,20,4869,12,3,No,0,3,4,3,3,4,2,0,20,4,4,3,0,3
451,43,No,0,Research & Development,Healthcare Representative,3,3,Life Sciences,Female,Married,Travel_Rarely,7,9985,16,8,No,0,3,3,3,1,1,2,1,10,1,1,0,0,0
452,45,No,0,Research & Development,Research Scientist,2,4,Other,Male,Married,Travel_Rarely,8,3697,14,9,No,0,3,4,3,4,1,3,2,12,3,10,9,9,8
453,40,No,0,Sales,Sales Executive,2,2,Medical,Male,Married,Travel_Rarely,1,7457,22,2,Yes,1,4,2,1,4,3,2,3,6,2,4,3,0,2
454,29,Yes,1,Research & Development,Laboratory Technician,1,4,Other,Male,Married,Travel_Rarely,8,2119,11,1,Yes,1,3,2,1,1,4,2,0,7,4,7,7,0,7
455,29,No,0,Research & Development,Laboratory Technician,1,5,Other,Male,Single,Travel_Rarely,9,3983,17,0,No,0,3,2,2,4,3,3,0,4,2,3,2,2,2
456,30,No,0,Sales,Sales Executive,2,3,Marketing,Female,Divorced,Travel_Rarely,5,6118,13,1,No,0,3,4,2,3,3,3,3,10,2,10,9,1,2
458,27,No,0,Sales,Sales Executive,2,4,Marketing,Female,Married,Travel_Rarely,8,6214,18,1,No,0,3,2,3,2,1,3,1,8,3,8,7,0,7
460,37,No,0,Research & Development,Manufacturing Director,2,2,Medical,Male,Divorced,Travel_Rarely,5,6347,16,7,No,0,3,4,3,4,3,2,2,8,2,6,2,0,4
461,38,No,0,Research & Development,Research Director,3,2,Life Sciences,Male,Divorced,Travel_Rarely,15,11510,14,0,Yes,1,3,3,2,4,2,3,1,12,3,11,10,2,9
462,31,No,0,Research & Development,Manufacturing Director,3,4,Medical,Female,Single,Travel_Rarely,7,7143,14,1,Yes,1,3,3,3,4,3,2,0,11,2,11,9,4,10
463,29,No,0,Sales,Sales Executive,2,1,Marketing,Female,Divorced,Travel_Rarely,10,8268,14,1,Yes,1,3,4,2,2,1,3,2,7,2,7,7,1,7
464,35,No,0,Research & Development,Manufacturing Director,3,4,Technical Degree,Male,Single,Travel_Rarely,5,8095,13,0,No,0,3,3,3,2,4,3,0,17,5,16,6,0,13
465,23,No,0,Research & Development,Research Scientist,1,1,Life Sciences,Male,Divorced,Travel_Rarely,26,2904,12,1,No,0,3,3,3,4,3,2,2,4,2,4,2,0,2
466,41,No,0,Research & Development,Manufacturing Director,2,3,Medical,Male,Single,Travel_Rarely,6,6032,15,6,Yes,1,3,4,2,2,4,3,0,8,3,5,4,1,2
467,47,No,0,Sales,Sales Representative,2,1,Medical,Male,Single,Travel_Frequently,4,2976,19,3,No,0,3,2,3,3,1,3,0,5,3,0,0,0,0
468,42,No,0,Research & Development,Research Director,4,5,Life Sciences,Female,Single,Travel_Rarely,23,15992,14,2,No,0,3,1,3,4,2,3,0,16,2,1,0,0,0
469,29,No,0,Sales,Sales Executive,2,3,Life Sciences,Male,Married,Non-Travel,2,4649,14,1,No,0,3,4,3,3,1,2,1,4,3,4,3,0,2
470,42,No,0,Human Resources,Human Resources,1,1,Technical Degree,Male,Divorced,Travel_Rarely,2,2696,11,0,Yes,1,3,3,3,3,3,3,1,4,5,3,2,1,0
471,32,No,0,Research & Development,Laboratory Technician,1,3,Medical,Female,Married,Travel_Rarely,2,2370,13,1,No,0,3,3,3,2,3,3,1,8,4,8,0,0,7
473,48,No,0,Sales,Manager,3,1,Medical,Female,Married,Travel_Rarely,29,12504,21,3,No,0,4,1,3,3,2,1,1,15,3,0,0,0,0
474,37,No,0,Research & Development,Research Scientist,2,3,Medical,Male,Divorced,Travel_Rarely,6,5974,13,4,Yes,1,3,3,4,1,1,3,2,13,2,7,7,6,7
475,30,No,0,Sales,Sales Executive,2,2,Technical Degree,Female,Married,Non-Travel,25,4736,12,7,Yes,1,3,4,3,3,2,4,1,4,2,2,2,2,2
476,26,No,0,Sales,Sales Executive,2,3,Life Sciences,Male,Married,Travel_Rarely,1,5296,17,1,No,0,3,3,3,3,2,3,1,8,3,8,7,7,7
477,42,No,0,Research & Development,Healthcare Representative,2,4,Other,Male,Single,Travel_Rarely,2,6781,23,3,No,0,4,1,2,4,2,3,0,14,6,1,0,0,0
478,21,Yes,1,Sales,Sales Representative,1,1,Technical Degree,Female,Single,Travel_Frequently,1,2174,11,1,Yes,1,3,1,2,2,3,3,0,3,3,3,2,1,2
479,36,No,0,Sales,Sales Executive,2,5,Medical,Female,Single,Non-Travel,1,6653,15,4,No,0,3,4,3,4,2,3,0,7,6,1,0,0,0
481,36,No,0,Sales,Sales Executive,3,4,Medical,Male,Married,Travel_Frequently,3,9699,11,4,No,0,3,1,2,4,1,3,1,16,2,13,9,1,12
482,57,No,0,Research & Development,Healthcare Representative,2,4,Medical,Male,Married,Travel_Rarely,1,6755,11,2,No,0,3,4,3,3,3,3,0,15,2,3,2,1,2
483,40,No,0,Research & Development,Laboratory Technician,1,4,Life Sciences,Female,Married,Travel_Rarely,10,2213,13,3,Yes,1,3,4,4,3,3,3,1,10,3,7,7,1,7
484,21,No,0,Sales,Sales Representative,1,2,Medical,Male,Single,Non-Travel,9,2610,24,1,No,0,4,1,3,4,3,2,0,3,3,3,2,2,2
485,33,Yes,1,Sales,Sales Representative,1,3,Marketing,Female,Single,Travel_Rarely,5,2851,13,1,Yes,1,3,4,3,3,2,3,0,1,2,1,0,0,0
486,37,No,0,Research & Development,Laboratory Technician,1,3,Medical,Female,Married,Travel_Rarely,10,3452,20,6,No,0,4,3,3,1,2,3,1,17,3,5,4,0,3
487,46,No,0,Research & Development,Manufacturing Director,2,4,Medical,Female,Married,Non-Travel,7,5258,14,2,No,0,3,3,3,3,3,4,0,7,2,1,0,0,0
488,41,Yes,1,Sales,Sales Executive,2,3,Marketing,Male,Single,Travel_Frequently,4,9355,18,1,No,0,3,1,3,2,3,3,0,8,5,8,7,7,7
491,50,No,0,Research & Development,Healthcare Representative,3,3,Technical Degree,Male,Single,Travel_Rarely,10,10496,15,6,No,0,3,4,2,4,4,3,0,20,2,4,3,1,3
492,40,Yes,1,Sales,Sales Executive,2,2,Marketing,Male,Married,Travel_Rarely,22,6380,12,2,Yes,1,3,3,2,3,1,3,2,8,6,6,4,1,0
493,31,No,0,Research & Development,Research Scientist,1,4,Life Sciences,Male,Single,Travel_Rarely,9,2657,16,0,Yes,1,3,3,2,2,4,3,0,3,5,2,2,2,2
494,21,Yes,1,Sales,Sales Representative,1,3,Life Sciences,Female,Single,Travel_Rarely,12,2716,15,1,No,0,3,3,4,2,4,3,0,1,0,1,0,0,0
495,29,No,0,Research & Development,Research Scientist,1,3,Life Sciences,Male,Single,Travel_Rarely,23,2201,16,9,No,0,3,4,3,4,4,3,0,6,4,3,2,1,2
496,35,No,0,Research & Development,Healthcare Representative,2,4,Life Sciences,Male,Single,Travel_Rarely,9,6540,19,9,No,0,3,3,2,2,3,3,0,10,5,1,1,0,0
497,27,No,0,Research & Development,Laboratory Technician,1,2,Medical,Male,Divorced,Travel_Rarely,1,3816,11,1,No,0,3,4,3,2,2,3,1,5,2,5,2,0,4
498,28,No,0,Sales,Sales Executive,2,4,Life Sciences,Male,Single,Travel_Rarely,9,5253,16,1,No,0,3,2,3,4,4,3,0,7,1,7,5,0,7
499,49,No,0,Research & Development,Healthcare Representative,3,3,Other,Male,Single,Travel_Rarely,7,10965,24,8,No,0,4,2,2,3,3,3,0,26,2,5,2,0,0
500,51,No,0,Sales,Sales Executive,2,2,Life Sciences,Female,Married,Travel_Rarely,14,4936,11,4,No,0,3,3,3,4,3,2,1,18,2,7,7,0,7
501,36,No,0,Research & Development,Research Scientist,1,3,Life Sciences,Female,Married,Travel_Rarely,2,2543,13,4,No,0,3,4,3,3,2,3,1,6,3,2,2,2,2
502,34,Yes,1,Sales,Sales Executive,2,3,Marketing,Male,Single,Non-Travel,19,5304,13,8,Yes,1,3,1,4,4,2,2,0,9,3,5,2,0,4
505,55,No,0,Research & Development,Manager,4,3,Life Sciences,Female,Single,Travel_Rarely,2,16659,13,2,Yes,1,3,3,3,4,3,3,0,30,2,5,4,1,2
507,24,No,0,Sales,Sales Executive,2,4,Marketing,Female,Divorced,Travel_Rarely,10,4260,12,1,Yes,1,3,4,3,3,4,4,1,5,2,5,2,0,3
508,30,No,0,Sales,Sales Representative,1,1,Technical Degree,Male,Married,Travel_Rarely,2,2476,18,1,No,0,3,3,3,2,1,3,1,1,3,1,0,0,0
510,26,Yes,1,Research & Development,Research Scientist,1,1,Technical Degree,Male,Single,Travel_Frequently,3,3102,22,0,No,0,4,3,3,1,3,3,0,7,2,6,4,0,4
511,22,No,0,Research & Development,Research Scientist,1,3,Medical,Female,Married,Travel_Rarely,11,2244,13,1,No,0,3,1,3,2,4,3,1,2,1,2,1,1,2
513,36,No,0,Sales,Sales Executive,3,2,Medical,Male,Married,Travel_Rarely,2,7596,13,1,No,0,3,2,2,3,2,3,2,10,2,10,9,9,0
514,30,Yes,1,Research & Development,Research Scientist,1,3,Technical Degree,Male,Single,Travel_Frequently,4,2285,23,9,Yes,1,4,3,3,4,3,3,0,3,4,1,0,0,0
515,37,No,0,Research & Development,Laboratory Technician,1,3,Life Sciences,Female,Divorced,Travel_Rarely,14,3034,12,1,No,0,3,4,3,1,3,2,1,18,2,18,7,12,17
516,40,No,0,Sales,Sales Executive,2,2,Marketing,Female,Divorced,Travel_Rarely,2,5715,12,7,No,0,3,4,3,2,3,3,2,8,5,5,4,1,3
517,42,No,0,Research & Development,Laboratory Technician,1,4,Life Sciences,Female,Divorced,Travel_Rarely,1,2576,16,3,No,0,3,2,3,1,2,3,1,8,5,5,2,1,2
518,37,No,0,Research & Development,Manufacturing Director,2,4,Life Sciences,Male,Single,Travel_Rarely,10,4197,12,2,Yes,1,3,3,3,2,4,2,0,18,2,1,0,0,1
520,43,No,0,Research & Development,Research Director,4,3,Life Sciences,Male,Divorced,Travel_Rarely,12,14336,11,1,No,0,3,1,2,2,3,3,1,25,3,25,10,3,9
521,40,No,0,Research & Development,Laboratory Technician,2,3,Medical,Female,Married,Travel_Rarely,2,3448,22,6,No,0,4,2,2,3,2,3,1,20,3,1,0,0,0
522,54,No,0,Research & Development,Research Director,5,2,Medical,Male,Married,Travel_Rarely,5,19406,11,4,No,0,3,1,3,1,3,2,1,24,4,4,2,1,2
523,34,No,0,Sales,Sales Executive,2,4,Marketing,Female,Married,Non-Travel,4,6538,15,9,No,0,3,3,3,3,1,3,1,6,3,3,2,1,2
524,31,No,0,Research & Development,Manufacturing Director,2,2,Medical,Female,Married,Travel_Rarely,7,4306,12,1,No,0,3,2,3,1,2,1,1,13,5,13,10,3,12
525,43,No,0,Research & Development,Laboratory Technician,1,3,Medical,Male,Married,Travel_Frequently,21,2258,20,7,No,0,4,4,3,4,1,3,1,8,1,3,2,1,2
526,43,No,0,Research & Development,Healthcare Representative,2,4,Other,Female,Divorced,Travel_Rarely,8,4522,14,4,Yes,1,3,3,3,3,4,3,0,8,3,5,2,0,2
527,25,No,0,Sales,Sales Executive,2,2,Life Sciences,Female,Single,Travel_Rarely,4,4487,11,1,Yes,1,3,2,2,4,2,3,0,5,3,5,4,1,3
529,37,No,0,Research & Development,Research Scientist,2,5,Medical,Female,Married,Non-Travel,25,4449,15,3,Yes,1,3,2,3,3,1,3,2,15,2,13,11,10,7
530,31,No,0,Research & Development,Laboratory Technician,1,2,Life Sciences,Male,Married,Travel_Rarely,1,2218,12,1,No,0,3,4,2,1,3,3,1,4,3,4,2,3,2
531,39,No,0,Research & Development,Manager,5,1,Life Sciences,Male,Divorced,Travel_Frequently,1,19197,14,1,Yes,1,3,2,3,3,3,3,1,21,3,21,8,1,6
532,56,No,0,Sales,Sales Executive,4,3,Life Sciences,Female,Married,Travel_Frequently,6,13212,11,9,No,0,3,3,4,1,4,2,3,36,0,7,7,7,7
533,30,No,0,Sales,Sales Executive,2,3,Technical Degree,Female,Single,Travel_Rarely,12,6577,11,0,No,0,3,2,3,3,2,3,0,6,6,5,4,4,4
534,41,No,0,Sales,Sales Executive,3,3,Marketing,Male,Married,Travel_Rarely,1,8392,16,1,No,0,3,2,4,1,3,3,1,10,2,10,7,0,7
536,28,No,0,Research & Development,Laboratory Technician,2,2,Medical,Male,Divorced,Travel_Rarely,17,4558,12,1,No,0,3,3,3,1,4,3,1,10,2,10,0,1,8
538,25,Yes,1,Research & Development,Laboratory Technician,1,3,Medical,Male,Married,Travel_Rarely,3,4031,13,5,No,0,3,1,3,1,3,3,1,6,5,2,2,0,2
543,52,No,0,Research & Development,Manufacturing Director,3,3,Medical,Male,Married,Travel_Rarely,3,7969,14,2,Yes,1,3,4,2,3,3,3,0,28,4,5,4,0,4
544,45,No,0,Research & Development,Research Scientist,1,2,Life Sciences,Male,Married,Travel_Rarely,10,2654,21,3,No,0,4,1,3,4,4,2,2,8,3,2,2,0,2
546,52,No,0,Research & Development,Manager,4,2,Life Sciences,Female,Married,Travel_Rarely,4,16555,13,2,No,0,3,4,3,4,4,1,0,31,2,5,2,1,4
547,42,No,0,Research & Development,Research Scientist,2,2,Life Sciences,Female,Divorced,Travel_Frequently,29,4556,11,2,No,0,3,1,3,3,2,3,1,19,3,5,4,0,2
548,30,No,0,Research & Development,Manufacturing Director,2,3,Life Sciences,Female,Single,Travel_Rarely,2,6091,20,2,No,0,4,3,1,4,3,3,0,11,2,5,4,0,2
549,60,No,0,Research & Development,Manager,5,3,Life Sciences,Female,Married,Travel_Rarely,7,19566,11,5,No,0,3,1,3,1,4,1,0,33,5,29,8,11,10
550,46,No,0,Research & Development,Manufacturing Director,2,3,Medical,Female,Divorced,Travel_Rarely,18,4810,14,2,No,0,3,3,3,3,3,2,1,19,5,10,7,0,8
551,42,No,0,Research & Development,Healthcare Representative,2,4,Technical Degree,Female,Married,Travel_Frequently,28,4523,11,0,No,0,3,4,2,4,4,4,3,7,4,6,5,0,4
554,24,Yes,1,Sales,Sales Representative,1,1,Technical Degree,Female,Single,Travel_Rarely,1,3202,16,1,Yes,1,3,1,3,2,2,3,0,6,4,5,3,1,4
555,34,Yes,1,Sales,Sales Representative,1,2,Marketing,Female,Divorced,Travel_Frequently,6,2351,16,0,No,0,3,4,1,3,4,2,1,3,3,2,2,1,0
656,37,No,0,Sales,Sales Executive,2,3,Marketing,Male,Married,Travel_Rarely,2,9602,11,4,Yes,1,3,4,3,3,3,2,1,17,3,3,0,1,0
556,38,No,0,Research & Development,Laboratory Technician,1,2,Life Sciences,Male,Married,Travel_Frequently,2,1702,23,1,Yes,1,4,4,3,4,3,3,1,1,3,1,0,0,0
558,40,No,0,Sales,Manager,5,4,Life Sciences,Female,Married,Travel_Rarely,2,18041,14,0,No,0,3,3,3,3,4,3,0,21,2,20,15,1,12
560,26,No,0,Research & Development,Research Scientist,1,3,Life Sciences,Female,Divorced,Travel_Rarely,23,2886,22,1,No,0,4,1,3,4,2,1,2,3,3,3,2,0,2
562,30,No,0,Research & Development,Laboratory Technician,1,3,Life Sciences,Male,Married,Non-Travel,3,2097,15,4,No,0,3,3,3,4,3,1,1,9,3,5,3,1,4
564,29,No,0,Research & Development,Research Director,3,4,Medical,Male,Married,Travel_Rarely,3,11935,18,1,No,0,3,2,2,3,3,3,0,10,2,10,2,0,7
565,29,Yes,1,Research & Development,Research Scientist,1,5,Technical Degree,Female,Married,Travel_Rarely,25,2546,16,5,No,0,3,3,2,2,2,4,0,6,2,2,2,1,1
566,19,Yes,1,Human Resources,Human Resources,1,2,Technical Degree,Male,Single,Travel_Rarely,2,2564,12,1,No,0,3,1,2,4,3,4,0,1,3,1,0,0,0
567,30,No,0,Sales,Sales Executive,3,4,Other,Female,Married,Non-Travel,22,8412,11,0,No,0,3,3,3,1,3,3,0,10,3,9,8,7,8
568,57,No,0,Sales,Manager,4,3,Marketing,Male,Divorced,Travel_Rarely,29,14118,12,3,No,0,3,1,2,4,3,2,1,32,3,1,0,0,0
569,50,No,0,Research & Development,Manager,4,4,Life Sciences,Male,Married,Travel_Rarely,29,17046,15,0,No,0,3,2,2,3,2,3,1,28,2,27,10,15,7
571,30,No,0,Research & Development,Laboratory Technician,1,3,Medical,Female,Single,Non-Travel,2,2564,14,0,No,0,3,3,3,4,3,2,0,12,2,11,7,6,7
573,60,No,0,Sales,Sales Executive,3,3,Marketing,Female,Married,Travel_Frequently,28,10266,19,4,No,0,3,3,2,1,4,4,0,22,5,18,13,13,11
574,47,No,0,Research & Development,Manufacturing Director,2,2,Medical,Female,Divorced,Travel_Rarely,2,5070,13,5,No,0,3,1,3,4,3,3,3,20,2,5,0,0,4
575,46,No,0,Research & Development,Research Director,4,3,Life Sciences,Male,Married,Travel_Rarely,2,17861,13,6,No,0,3,1,3,3,3,1,0,26,2,3,2,0,1
577,35,No,0,Research & Development,Laboratory Technician,1,3,Life Sciences,Male,Single,Travel_Rarely,22,4230,15,0,No,0,3,4,1,3,3,3,0,6,2,5,4,4,3
578,54,No,0,Research & Development,Laboratory Technician,2,4,Life Sciences,Female,Single,Travel_Rarely,8,3780,11,7,No,0,3,3,3,3,3,3,0,19,3,1,0,0,0
579,34,No,0,Research & Development,Research Scientist,1,4,Life Sciences,Male,Divorced,Travel_Rarely,2,2768,12,3,No,0,3,4,2,3,3,3,1,14,3,7,3,5,7
580,46,No,0,Sales,Sales Executive,3,3,Marketing,Female,Married,Travel_Rarely,10,9071,19,2,Yes,1,3,3,2,4,3,3,1,15,3,3,2,1,2
581,31,No,0,Research & Development,Manufacturing Director,3,1,Life Sciences,Male,Divorced,Travel_Rarely,9,10648,25,1,No,0,4,3,3,2,4,4,1,13,6,13,8,0,8
582,33,Yes,1,Research & Development,Manager,3,1,Medical,Male,Married,Travel_Rarely,15,13610,12,7,Yes,1,3,2,3,3,4,4,0,15,2,7,6,7,7
584,33,Yes,1,Research & Development,Laboratory Technician,1,1,Medical,Male,Divorced,Travel_Rarely,10,3408,13,7,No,0,3,1,1,4,1,3,3,8,2,4,3,1,3
585,30,No,0,Sales,Sales Representative,1,1,Marketing,Male,Single,Travel_Rarely,7,2983,14,0,No,0,3,4,3,2,1,3,0,4,3,3,2,1,2
586,35,No,0,Research & Development,Healthcare Representative,3,3,Life Sciences,Male,Married,Travel_Rarely,16,7632,12,4,Yes,1,3,4,3,3,3,3,0,10,2,8,7,0,0
587,31,Yes,1,Research & Development,Healthcare Representative,3,3,Life Sciences,Male,Married,Travel_Frequently,20,9824,12,3,No,0,3,1,3,3,1,3,0,12,2,1,0,0,0
590,34,Yes,1,Human Resources,Human Resources,3,3,Human Resources,Female,Divorced,Travel_Frequently,23,9950,15,9,Yes,1,3,2,3,1,3,3,3,11,2,3,2,0,2
591,42,No,0,Research & Development,Laboratory Technician,1,2,Other,Male,Married,Travel_Frequently,5,2093,17,4,No,0,3,2,3,3,4,3,1,8,4,2,2,2,0
592,36,No,0,Sales,Sales Executive,3,4,Medical,Male,Single,Non-Travel,10,9980,14,1,No,0,3,2,3,4,4,2,0,10,3,10,3,9,7
593,22,Yes,1,Research & Development,Laboratory Technician,1,1,Technical Degree,Male,Single,Travel_Frequently,4,3894,16,5,No,0,3,3,2,3,3,3,0,4,3,2,2,1,2
595,48,No,0,Sales,Sales Executive,2,5,Marketing,Female,Married,Travel_Rarely,2,4051,14,2,No,0,3,2,3,4,1,3,1,14,2,9,7,6,7
597,55,No,0,Sales,Manager,4,5,Life Sciences,Female,Single,Travel_Rarely,18,16835,23,3,No,0,4,1,3,2,4,3,0,37,2,10,9,7,7
599,41,No,0,Sales,Sales Executive,2,2,Life Sciences,Male,Single,Non-Travel,10,6230,14,7,No,0,3,4,3,4,4,3,0,16,3,14,3,1,10
600,35,No,0,Sales,Sales Executive,2,3,Marketing,Male,Married,Travel_Rarely,1,4717,11,9,No,0,3,2,3,3,3,3,0,15,2,11,9,6,9
601,40,No,0,Research & Development,Manufacturing Director,4,3,Life Sciences,Female,Single,Travel_Rarely,6,13237,15,7,No,0,3,2,3,3,3,3,0,22,3,20,6,5,13
602,39,No,0,Research & Development,Laboratory Technician,1,1,Life Sciences,Female,Married,Travel_Frequently,8,3755,11,1,No,0,3,3,3,3,1,3,1,8,3,8,3,0,7
604,31,No,0,Sales,Sales Executive,2,1,Life Sciences,Male,Single,Travel_Rarely,2,6582,13,4,Yes,1,3,2,3,4,3,4,0,10,2,6,5,0,5
605,42,No,0,Research & Development,Manufacturing Director,3,3,Medical,Male,Married,Travel_Rarely,24,7406,21,1,Yes,1,4,4,3,1,4,2,1,10,5,10,9,5,8
606,45,No,0,Sales,Sales Executive,2,3,Other,Male,Married,Travel_Rarely,2,4805,19,0,No,0,3,4,3,2,2,4,1,9,3,8,7,3,7
608,26,Yes,1,Human Resources,Human Resources,1,4,Life Sciences,Female,Divorced,Travel_Frequently,17,2741,11,0,Yes,1,3,2,3,3,2,2,1,8,2,7,7,1,0
611,29,No,0,Research & Development,Manufacturing Director,2,3,Technical Degree,Male,Divorced,Travel_Rarely,19,4262,12,4,No,0,3,4,3,4,2,4,2,8,2,3,2,1,2
612,33,No,0,Research & Development,Research Director,4,5,Medical,Female,Divorced,Travel_Rarely,1,16184,19,4,No,0,3,1,4,3,3,3,1,10,2,6,1,0,5
613,31,No,0,Sales,Manager,3,3,Life Sciences,Male,Divorced,Travel_Rarely,7,11557,21,9,No,0,4,3,2,4,3,2,1,10,3,5,4,0,1
614,18,Yes,1,Sales,Sales Representative,1,3,Marketing,Male,Single,Travel_Frequently,5,1878,14,1,Yes,1,3,2,3,2,4,3,0,0,3,0,0,0,0
615,40,No,0,Sales,Sales Executive,3,3,Other,Male,Divorced,Non-Travel,28,10932,15,3,No,0,3,3,1,1,3,3,1,20,2,1,0,0,1
616,41,No,0,Research & Development,Healthcare Representative,2,4,Other,Female,Single,Non-Travel,2,6811,17,2,Yes,1,3,1,2,3,1,3,0,10,3,8,7,0,7
618,26,No,0,Sales,Sales Executive,2,2,Medical,Male,Divorced,Travel_Rarely,29,4306,12,5,No,0,3,1,3,3,1,3,2,8,5,0,0,0,0
620,35,No,0,Sales,Sales Executive,2,3,Medical,Female,Single,Travel_Rarely,1,4859,16,1,No,0,3,1,3,3,4,3,0,5,3,5,4,0,3
621,34,No,0,Sales,Sales Executive,2,4,Life Sciences,Male,Single,Travel_Rarely,21,5337,12,1,No,0,3,4,4,4,4,3,0,10,3,10,7,5,7
622,26,Yes,1,Research & Development,Laboratory Technician,1,3,Technical Degree,Male,Single,Travel_Rarely,24,2340,18,1,Yes,1,3,3,1,4,2,1,0,1,3,1,0,0,0
623,37,No,0,Research & Development,Manufacturing Director,3,3,Technical Degree,Female,Single,Travel_Rarely,1,7491,17,4,No,0,3,2,3,4,4,4,0,12,3,6,5,1,2
624,46,No,0,Research & Development,Healthcare Representative,3,1,Medical,Female,Married,Travel_Frequently,18,10527,11,5,No,0,3,1,3,3,4,2,0,28,3,2,2,1,2
625,41,No,0,Sales,Manager,4,5,Life Sciences,Female,Married,Travel_Rarely,2,16595,16,7,No,0,3,2,3,1,2,3,1,22,2,18,16,11,8
626,37,No,0,Sales,Sales Executive,3,4,Medical,Male,Divorced,Non-Travel,9,8834,13,1,No,0,3,1,3,2,4,3,1,9,6,9,5,7,7
630,52,No,0,Research & Development,Research Scientist,2,2,Technical Degree,Male,Divorced,Travel_Rarely,6,5577,12,3,Yes,1,3,4,3,1,2,3,2,18,3,10,9,6,9
631,32,Yes,1,Sales,Sales Executive,2,4,Other,Male,Married,Non-Travel,11,4707,12,8,No,0,3,4,4,3,4,3,0,6,2,4,2,1,2
632,24,No,0,Sales,Sales Representative,1,3,Medical,Male,Married,Travel_Frequently,24,2400,13,0,No,0,3,4,3,4,3,3,2,3,3,2,2,2,1
634,38,No,0,Research & Development,Healthcare Representative,2,3,Medical,Female,Married,Travel_Rarely,10,9824,19,3,No,0,3,3,3,3,3,3,1,18,4,1,0,0,0
635,37,No,0,Research & Development,Manufacturing Director,2,4,Life Sciences,Female,Married,Travel_Rarely,1,6447,12,6,No,0,3,2,3,2,2,2,1,8,2,6,5,4,3
638,49,No,0,Research & Development,Research Director,5,4,Life Sciences,Male,Divorced,Travel_Rarely,18,19502,17,1,Yes,1,3,4,2,3,3,3,1,31,5,31,9,0,9
639,24,No,0,Research & Development,Research Scientist,1,3,Medical,Male,Married,Travel_Rarely,23,2725,11,1,Yes,1,3,2,4,4,2,3,2,6,3,6,5,1,4
641,26,No,0,Sales,Sales Executive,2,2,Marketing,Male,Married,Travel_Rarely,28,6272,20,1,No,0,4,1,3,2,4,4,2,6,5,5,3,1,4
643,24,No,0,Research & Development,Laboratory Technician,1,2,Other,Male,Married,Travel_Rarely,17,2127,21,1,No,0,4,4,2,2,4,3,1,1,2,1,0,0,0
644,50,No,0,Human Resources,Manager,5,3,Medical,Male,Married,Travel_Frequently,3,18200,11,1,No,0,3,1,3,2,3,3,1,32,2,32,5,10,7
645,25,No,0,Sales,Sales Representative,1,1,Medical,Male,Married,Travel_Rarely,13,2096,11,1,No,0,3,2,3,3,3,3,0,7,1,7,4,0,6
647,24,Yes,1,Research & Development,Laboratory Technician,1,3,Life Sciences,Female,Married,Travel_Frequently,7,2886,16,1,Yes,1,3,1,3,3,4,3,1,6,4,6,3,1,2
648,30,Yes,1,Sales,Sales Representative,1,4,Life Sciences,Male,Married,Travel_Frequently,12,2033,18,1,No,0,3,2,2,1,3,4,1,1,2,1,0,0,0
649,34,No,0,Research & Development,Research Scientist,1,2,Life Sciences,Male,Married,Travel_Rarely,1,3622,13,1,Yes,1,3,2,2,4,4,3,1,6,3,6,5,1,3
650,31,Yes,1,Sales,Sales Executive,2,4,Medical,Male,Divorced,Travel_Rarely,13,4233,17,2,No,0,3,2,3,1,3,1,0,9,2,3,1,1,2
652,35,No,0,Research & Development,Laboratory Technician,2,2,Other,Male,Single,Travel_Rarely,25,3681,14,4,No,0,3,1,2,4,4,3,0,9,3,3,2,0,2
653,31,No,0,Sales,Sales Executive,2,4,Medical,Male,Divorced,Travel_Rarely,6,5460,22,4,No,0,4,1,4,4,4,4,2,13,4,7,7,5,7
655,27,No,0,Research & Development,Research Scientist,1,4,Medical,Female,Divorced,Travel_Rarely,6,2187,12,0,No,0,3,1,2,3,3,2,2,6,5,5,3,0,3
657,20,No,0,Research & Development,Research Scientist,1,3,Life Sciences,Female,Single,Travel_Rarely,1,2836,13,1,No,0,3,4,2,2,4,4,0,1,0,1,0,0,0
659,42,No,0,Research & Development,Healthcare Representative,2,4,Life Sciences,Female,Married,Travel_Rarely,2,4089,13,1,No,0,3,3,3,4,2,3,2,10,4,10,2,2,2
661,43,No,0,Research & Development,Research Director,4,4,Other,Male,Divorced,Travel_Rarely,6,16627,14,4,Yes,1,3,2,2,4,3,2,1,21,3,1,0,0,0
662,38,No,0,Research & Development,Research Scientist,1,1,Life Sciences,Female,Single,Travel_Rarely,1,2619,17,3,No,0,3,3,3,1,4,2,0,8,3,0,0,0,0
663,43,No,0,Research & Development,Laboratory Technician,2,5,Medical,Male,Divorced,Travel_Frequently,9,5679,13,3,Yes,1,3,4,3,3,2,3,1,10,3,8,7,4,7
664,48,No,0,Research & Development,Manager,4,4,Life Sciences,Female,Married,Travel_Rarely,1,15402,11,7,No,0,3,4,2,1,1,1,1,21,3,3,2,0,2
665,44,No,0,Human Resources,Human Resources,2,4,Life Sciences,Female,Single,Travel_Rarely,1,5985,11,4,No,0,3,1,2,3,2,4,0,10,1,2,2,0,2
666,34,No,0,Sales,Sales Representative,1,3,Technical Degree,Female,Divorced,Travel_Rarely,14,2579,18,1,Yes,1,3,3,3,3,4,3,2,8,3,8,2,0,6
667,27,Yes,1,Sales,Sales Representative,1,1,Marketing,Male,Divorced,Travel_Rarely,2,3041,11,0,No,0,3,3,3,1,2,3,1,5,3,4,3,0,2
669,21,No,0,Sales,Sales Representative,1,1,Technical Degree,Male,Single,Travel_Rarely,22,3447,11,1,No,0,3,3,3,3,3,3,0,3,2,3,2,1,2
671,44,No,0,Research & Development,Manager,5,4,Other,Male,Married,Travel_Rarely,3,19513,12,4,Yes,1,3,4,3,4,1,4,1,26,2,2,2,0,1
675,22,No,0,Research & Development,Research Scientist,1,1,Medical,Male,Married,Travel_Rarely,6,2773,20,0,No,0,4,1,3,3,4,3,0,3,3,2,2,2,2
677,33,No,0,Sales,Sales Executive,2,4,Marketing,Male,Divorced,Travel_Rarely,8,7104,12,0,No,0,3,3,3,3,4,3,0,6,3,5,0,1,2
679,32,No,0,Research & Development,Research Scientist,2,4,Life Sciences,Female,Married,Travel_Rarely,9,6322,12,1,Yes,1,3,1,3,4,4,2,1,6,2,6,4,0,5
680,30,No,0,Research & Development,Research Scientist,1,3,Medical,Female,Divorced,Travel_Frequently,3,2083,20,1,No,0,4,3,3,3,3,3,1,1,2,1,0,0,0
682,53,No,0,Sales,Sales Executive,2,1,Medical,Female,Single,Travel_Rarely,1,8381,20,7,No,0,4,4,3,1,4,4,0,18,2,14,7,8,10
683,34,No,0,Research & Development,Research Scientist,1,5,Life Sciences,Male,Married,Travel_Rarely,1,2691,12,1,No,0,3,2,3,4,4,2,1,10,4,10,9,8,8
684,45,Yes,1,Sales,Sales Executive,2,4,Life Sciences,Female,Married,Travel_Frequently,26,4286,14,2,No,0,3,1,3,1,4,3,2,5,4,1,1,0,0
686,26,No,0,Research & Development,Laboratory Technician,1,3,Life Sciences,Female,Married,Travel_Rarely,6,2659,13,1,Yes,1,3,3,3,4,3,3,1,3,2,3,2,0,2
689,37,No,0,Research & Development,Manufacturing Director,3,3,Other,Male,Married,Travel_Rarely,3,9434,15,1,No,0,3,3,3,3,3,3,1,10,2,10,7,7,8
690,29,No,0,Sales,Sales Executive,2,2,Medical,Female,Married,Travel_Rarely,3,5561,14,1,No,0,3,2,3,3,1,2,1,6,5,6,0,1,2
691,35,No,0,Research & Development,Research Scientist,2,4,Life Sciences,Male,Single,Travel_Rarely,6,6646,13,1,No,0,3,2,1,4,2,3,0,17,3,17,11,11,8
692,33,No,0,Research & Development,Healthcare Representative,2,3,Life Sciences,Male,Divorced,Travel_Frequently,6,7725,23,3,No,0,4,3,3,4,3,1,1,15,2,13,11,4,7
698,54,No,0,Human Resources,Human Resources,3,4,Medical,Male,Married,Travel_Rarely,19,10725,15,2,No,0,3,3,3,2,3,4,1,16,1,9,7,7,1
699,36,No,0,Research & Development,Manufacturing Director,2,2,Medical,Male,Divorced,Travel_Rarely,9,8847,11,2,Yes,1,3,2,2,2,3,3,1,13,2,3,2,0,2
700,27,No,0,Research & Development,Research Scientist,1,4,Medical,Male,Single,Travel_Rarely,3,2045,13,0,No,0,3,1,2,4,4,3,0,5,0,4,2,1,1
701,20,Yes,1,Research & Development,Research Scientist,1,1,Medical,Male,Single,Travel_Rarely,10,1009,11,1,Yes,1,3,4,3,3,4,3,0,1,5,1,0,1,1
702,33,Yes,1,Research & Development,Research Scientist,1,3,Life Sciences,Male,Single,Travel_Frequently,3,3348,11,1,Yes,1,3,1,3,1,1,3,0,10,3,10,8,9,7
704,35,No,0,Research & Development,Laboratory Technician,1,3,Life Sciences,Male,Married,Non-Travel,3,1281,18,1,No,0,3,3,2,3,3,3,2,1,3,1,0,0,0
705,23,No,0,Research & Development,Research Scientist,1,3,Medical,Male,Married,Travel_Rarely,4,2819,16,2,No,0,3,1,4,1,1,4,1,5,3,3,2,0,2
707,25,No,0,Sales,Sales Executive,2,3,Life Sciences,Male,Married,Travel_Rarely,8,4851,22,0,No,0,4,4,4,2,3,3,1,4,4,3,2,1,2
709,38,No,0,Sales,Sales Executive,2,4,Marketing,Female,Single,Travel_Rarely,7,4028,20,0,No,0,4,4,2,4,1,3,0,8,2,7,7,0,5
710,29,No,0,Research & Development,Research Scientist,1,4,Life Sciences,Male,Divorced,Travel_Frequently,1,2720,18,1,No,0,3,2,1,4,4,3,1,10,5,10,7,2,8
712,48,No,0,Sales,Sales Executive,2,1,Marketing,Male,Married,Travel_Rarely,2,8120,12,3,No,0,3,2,4,2,4,3,0,12,3,2,2,2,2
714,27,No,0,Sales,Sales Executive,2,1,Medical,Female,Divorced,Travel_Frequently,3,4647,20,1,Yes,1,4,4,4,4,2,3,2,6,3,6,5,0,4
715,37,No,0,Research & Development,Research Scientist,1,2,Life Sciences,Male,Single,Travel_Rarely,10,4680,17,3,No,0,3,4,4,4,1,3,0,4,2,1,0,0,0
716,50,No,0,Research & Development,Laboratory Technician,1,1,Medical,Male,Married,Travel_Rarely,28,3221,11,1,Yes,1,3,4,4,3,3,3,3,20,3,20,8,3,8
717,34,No,0,Research & Development,Healthcare Representative,3,3,Medical,Female,Single,Travel_Rarely,9,8621,14,1,No,0,3,4,2,2,2,4,0,9,3,8,7,7,7
720,24,Yes,1,Sales,Sales Executive,2,2,Life Sciences,Female,Single,Travel_Rarely,3,4577,14,9,No,0,3,1,3,3,1,3,0,4,3,2,2,2,0
721,39,No,0,Research & Development,Healthcare Representative,2,4,Technical Degree,Female,Single,Travel_Rarely,2,4553,11,1,No,0,3,4,2,3,1,3,0,20,4,20,7,11,10
722,32,No,0,Sales,Sales Executive,2,3,Marketing,Male,Single,Travel_Rarely,10,5396,12,1,No,0,3,4,3,4,4,2,0,10,2,10,7,0,8
723,50,Yes,1,Sales,Sales Executive,2,2,Technical Degree,Male,Married,Travel_Frequently,8,6796,14,3,Yes,1,3,2,3,3,1,3,1,18,4,4,3,1,3
724,38,No,0,Research & Development,Healthcare Representative,2,4,Life Sciences,Female,Single,Travel_Rarely,1,7625,13,0,No,0,3,2,4,4,3,2,0,10,4,9,7,1,8
725,27,No,0,Research & Development,Manufacturing Director,3,2,Life Sciences,Female,Married,Travel_Rarely,1,7412,11,1,No,0,3,3,3,1,4,3,0,9,3,9,7,0,7
727,32,No,0,Research & Development,Research Director,3,2,Life Sciences,Female,Single,Travel_Rarely,3,11159,15,3,No,0,3,3,3,4,4,3,0,10,6,7,7,7,7
728,47,No,0,Sales,Sales Executive,2,4,Marketing,Male,Single,Travel_Rarely,14,4960,12,2,No,0,3,4,3,1,4,3,0,20,2,7,7,1,7
729,40,No,0,Sales,Sales Executive,3,4,Life Sciences,Male,Married,Travel_Frequently,5,10475,21,5,Yes,1,4,4,2,1,3,3,1,20,2,18,13,1,12
730,53,No,0,Research & Development,Research Director,4,3,Life Sciences,Male,Married,Travel_Rarely,7,14814,19,3,No,0,3,3,4,3,3,3,0,32,3,5,1,1,3
731,41,No,0,Human Resources,Manager,5,4,Human Resources,Male,Divorced,Travel_Rarely,10,19141,15,3,No,0,3,2,2,4,2,2,3,23,2,21,6,12,6
732,60,No,0,Sales,Sales Executive,2,4,Marketing,Male,Single,Travel_Rarely,16,5405,14,8,No,0,3,1,3,1,4,3,0,10,1,2,2,2,2
733,27,No,0,Research & Development,Manufacturing Director,3,2,Life Sciences,Male,Divorced,Travel_Frequently,10,8793,21,1,No,0,4,4,3,1,3,2,2,9,4,9,7,1,7
734,41,No,0,Human Resources,Manager,5,3,Human Resources,Male,Married,Travel_Rarely,1,19189,12,1,No,0,3,4,2,3,2,3,1,22,3,22,7,2,10
738,50,No,0,Sales,Sales Representative,1,4,Marketing,Male,Married,Travel_Rarely,8,3875,15,7,No,0,3,4,3,2,4,3,1,4,2,2,2,2,2
741,28,Yes,1,Research & Development,Research Scientist,1,2,Life Sciences,Female,Single,Travel_Rarely,1,2216,13,7,Yes,1,3,1,1,2,4,3,0,10,4,7,7,3,7
742,36,No,0,Research & Development,Research Director,3,3,Life Sciences,Female,Married,Non-Travel,8,11713,14,9,No,0,3,1,4,1,1,3,1,10,2,8,7,0,5
743,38,No,0,Research & Development,Manufacturing Director,3,3,Life Sciences,Female,Single,Travel_Rarely,1,7861,14,4,Yes,1,3,3,3,3,4,4,0,10,4,1,0,0,0
744,44,No,0,Research & Development,Laboratory Technician,1,3,Medical,Male,Single,Non-Travel,24,3708,14,2,No,0,3,1,1,3,3,3,0,9,5,5,2,1,4
746,47,No,0,Sales,Sales Executive,4,3,Medical,Female,Divorced,Travel_Frequently,3,13770,12,9,Yes,1,3,4,3,3,4,2,2,28,2,22,2,11,13
747,30,No,0,Sales,Sales Executive,2,5,Marketing,Male,Divorced,Travel_Rarely,27,5304,23,7,No,0,4,3,3,4,4,2,1,10,2,8,7,7,7
749,29,No,0,Sales,Sales Representative,1,3,Life Sciences,Male,Single,Travel_Rarely,10,2642,11,1,No,0,3,3,3,3,3,3,0,1,6,1,0,0,0
752,42,Yes,1,Research & Development,Research Scientist,1,3,Medical,Male,Divorced,Travel_Frequently,19,2759,12,6,Yes,1,3,3,4,3,4,3,0,7,2,2,2,2,2
754,43,No,0,Sales,Sales Executive,2,3,Life Sciences,Male,Married,Travel_Frequently,15,6804,18,3,No,0,3,4,2,4,3,3,1,7,5,2,2,2,2
757,34,No,0,Research & Development,Healthcare Representative,2,2,Medical,Female,Single,Travel_Rarely,8,6142,11,3,No,0,3,2,3,3,4,3,0,10,2,5,1,4,3
758,23,No,0,Research & Development,Laboratory Technician,1,1,Medical,Male,Married,Travel_Rarely,9,2500,14,1,No,0,3,2,3,1,4,4,1,5,2,4,3,0,2
760,39,No,0,Human Resources,Human Resources,2,3,Human Resources,Female,Married,Travel_Rarely,3,6389,15,9,No,0,3,3,4,2,3,1,1,12,3,8,3,3,6
762,56,No,0,Research & Development,Healthcare Representative,4,3,Medical,Male,Married,Travel_Rarely,9,11103,11,7,No,0,3,3,3,4,3,2,0,30,1,10,7,1,1
763,40,No,0,Research & Development,Research Scientist,1,1,Medical,Female,Single,Travel_Rarely,2,2342,20,0,Yes,1,4,4,2,4,4,2,0,5,2,4,2,2,3
764,27,No,0,Research & Development,Healthcare Representative,2,3,Medical,Female,Single,Travel_Rarely,7,6811,19,8,No,0,3,4,2,1,1,1,0,9,2,7,6,0,7
766,29,No,0,Sales,Sales Representative,1,3,Marketing,Male,Divorced,Travel_Rarely,10,2297,14,1,No,0,3,4,3,2,4,3,2,2,2,2,2,2,2
769,53,No,0,Research & Development,Laboratory Technician,2,3,Life Sciences,Male,Single,Travel_Rarely,6,2450,17,2,No,0,3,4,3,4,4,3,0,19,4,2,2,2,2
771,35,No,0,Research & Development,Healthcare Representative,2,4,Life Sciences,Female,Divorced,Non-Travel,2,5093,11,2,No,0,3,4,3,1,1,4,1,16,2,1,0,0,0
772,32,No,0,Research & Development,Laboratory Technician,2,4,Life Sciences,Male,Married,Travel_Frequently,24,5309,15,1,No,0,3,1,3,4,4,3,2,10,2,10,8,4,7
773,38,No,0,Research & Development,Research Scientist,1,5,Medical,Male,Married,Travel_Rarely,2,3057,13,6,Yes,1,3,4,3,3,2,1,1,6,0,1,0,0,1
775,34,No,0,Research & Development,Manufacturing Director,2,5,Life Sciences,Female,Divorced,Travel_Rarely,8,5121,14,3,No,0,3,2,3,1,3,3,1,7,3,0,0,0,0
776,52,No,0,Sales,Manager,4,4,Marketing,Male,Married,Travel_Rarely,3,16856,11,1,No,0,3,3,2,1,1,4,0,34,3,34,6,1,16
780,33,Yes,1,Research & Development,Research Scientist,1,4,Other,Male,Single,Travel_Rarely,1,2686,13,1,Yes,1,3,4,3,4,3,2,0,10,2,10,9,7,8
781,25,No,0,Sales,Sales Executive,2,1,Medical,Female,Single,Travel_Rarely,26,6180,23,1,No,0,4,3,3,4,2,2,0,6,5,6,5,1,4
783,45,No,0,Sales,Sales Representative,2,2,Technical Degree,Male,Single,Travel_Rarely,2,6632,13,0,No,0,3,2,1,3,1,3,0,9,3,8,7,3,1
784,23,No,0,Research & Development,Research Scientist,1,1,Medical,Male,Single,Travel_Rarely,10,3505,18,1,No,0,3,1,4,3,4,3,0,2,3,2,2,0,2
785,47,Yes,1,Sales,Sales Executive,2,2,Life Sciences,Female,Single,Travel_Frequently,27,6397,12,4,Yes,1,3,2,4,3,4,3,0,8,2,5,4,1,3
786,34,No,0,Sales,Sales Executive,2,3,Other,Male,Single,Travel_Rarely,2,6274,22,1,No,0,4,4,3,4,3,3,0,6,5,6,5,1,4
787,55,Yes,1,Research & Development,Manager,5,3,Medical,Male,Married,Travel_Rarely,2,19859,13,5,Yes,1,3,4,3,1,4,3,1,24,2,5,2,1,4
789,36,No,0,Sales,Sales Executive,3,4,Life Sciences,Male,Single,Non-Travel,8,7587,15,1,No,0,3,1,2,1,2,3,0,10,1,10,7,0,9
791,52,No,0,Research & Development,Research Scientist,1,4,Medical,Male,Married,Non-Travel,19,4258,18,0,No,0,3,4,3,4,1,3,1,5,3,4,3,1,2
792,26,No,0,Research & Development,Laboratory Technician,1,2,Life Sciences,Female,Divorced,Travel_Frequently,1,4364,14,3,No,0,3,1,1,4,1,3,1,5,2,2,2,2,0
793,29,No,0,Research & Development,Healthcare Representative,2,3,Medical,Female,Married,Travel_Rarely,27,4335,12,4,No,0,3,2,3,3,1,2,1,11,3,8,7,1,1
796,26,Yes,1,Sales,Sales Executive,2,3,Technical Degree,Male,Single,Travel_Rarely,8,5326,17,6,No,0,3,4,2,1,3,2,0,6,2,4,3,1,2
797,34,No,0,Research & Development,Research Scientist,1,4,Life Sciences,Female,Single,Travel_Rarely,1,3280,16,2,No,0,3,2,4,4,3,3,0,10,2,4,2,1,3
799,54,No,0,Research & Development,Manufacturing Director,2,4,Medical,Female,Divorced,Travel_Rarely,19,5485,11,9,Yes,1,3,4,3,1,2,3,2,9,4,5,3,1,4
800,27,No,0,Sales,Sales Executive,2,1,Marketing,Male,Married,Travel_Frequently,8,4342,19,0,No,0,3,3,3,4,2,3,1,5,3,4,2,1,1
802,37,No,0,Research & Development,Research Scientist,1,1,Life Sciences,Female,Divorced,Travel_Rarely,10,2782,13,0,Yes,1,3,4,3,1,2,2,2,6,3,5,3,4,3
803,38,No,0,Research & Development,Manufacturing Director,2,4,Life Sciences,Female,Single,Travel_Frequently,2,5980,12,6,Yes,1,3,1,4,1,4,3,0,17,2,15,7,4,12
804,34,No,0,Research & Development,Research Scientist,1,4,Medical,Female,Single,Travel_Rarely,2,4381,11,1,No,0,3,3,2,1,3,3,0,6,3,6,5,1,3
805,35,No,0,Sales,Sales Representative,1,4,Life Sciences,Female,Married,Travel_Rarely,8,2572,16,1,No,0,3,1,3,4,2,2,1,3,1,3,2,0,2
806,30,No,0,Research & Development,Laboratory Technician,1,3,Life Sciences,Male,Married,Travel_Rarely,1,3833,21,3,No,0,4,4,1,3,3,3,2,7,2,2,2,0,2
807,40,No,0,Research & Development,Healthcare Representative,2,2,Medical,Female,Married,Travel_Frequently,2,4244,24,1,No,0,4,3,4,2,4,3,1,8,2,8,7,3,7
808,34,No,0,Sales,Sales Executive,2,2,Life Sciences,Female,Married,Travel_Rarely,8,6500,17,5,No,0,3,3,3,1,2,3,1,6,1,3,2,1,2
809,42,No,0,Research & Development,Manager,5,3,Life Sciences,Male,Divorced,Travel_Frequently,8,18430,13,1,No,0,3,2,3,4,2,2,1,24,4,24,7,14,9
811,23,Yes,1,Research & Development,Laboratory Technician,1,3,Life Sciences,Male,Married,Travel_Rarely,6,1601,21,1,Yes,1,4,3,4,1,3,3,2,1,2,0,0,0,0
812,24,No,0,Research & Development,Laboratory Technician,1,3,Life Sciences,Male,Divorced,Non-Travel,9,2694,11,1,No,0,3,3,2,2,3,3,3,1,4,1,0,0,0
813,52,No,0,Research & Development,Laboratory Technician,2,4,Life Sciences,Female,Married,Travel_Rarely,11,3149,20,8,No,0,4,4,3,3,2,3,1,9,3,5,2,1,4
815,50,No,0,Research & Development,Research Director,4,3,Medical,Male,Married,Travel_Rarely,2,17639,16,5,No,0,3,3,3,3,4,3,0,30,3,4,3,0,3
816,29,Yes,1,Research & Development,Laboratory Technician,1,2,Life Sciences,Female,Married,Travel_Rarely,1,2319,11,1,Yes,1,3,2,2,1,4,3,1,1,1,1,0,0,0
817,33,No,0,Research & Development,Research Director,3,3,Medical,Male,Married,Travel_Rarely,7,11691,11,0,No,0,3,3,3,3,4,4,0,14,3,13,9,3,7
819,33,Yes,1,Sales,Sales Executive,2,3,Marketing,Female,Single,Travel_Rarely,16,5324,15,5,No,0,3,1,3,1,3,3,0,6,3,3,2,0,2
820,47,No,0,Research & Development,Manager,4,2,Other,Female,Married,Travel_Rarely,2,16752,11,1,Yes,1,3,3,3,4,3,2,1,26,3,26,14,3,0
823,36,No,0,Research & Development,Manufacturing Director,2,3,Other,Female,Married,Travel_Rarely,1,5228,15,0,No,0,3,3,3,2,1,3,1,10,2,9,7,0,5
824,29,No,0,Research & Development,Research Scientist,1,2,Life Sciences,Male,Married,Travel_Rarely,23,2700,24,1,No,0,4,3,4,3,3,3,1,10,3,10,7,0,7
825,58,Yes,1,Research & Development,Research Director,5,4,Life Sciences,Male,Single,Travel_Rarely,2,19246,12,7,Yes,1,3,4,3,2,4,3,0,40,2,31,15,13,8
826,35,No,0,Research & Development,Research Scientist,1,4,Life Sciences,Female,Single,Travel_Rarely,1,2506,13,3,No,0,3,4,4,3,3,3,0,7,0,2,2,2,2
827,42,No,0,Research & Development,Manufacturing Director,2,2,Life Sciences,Female,Married,Travel_Rarely,1,6062,13,9,Yes,1,3,4,2,4,4,3,1,8,4,4,3,0,2
828,28,Yes,1,Research & Development,Research Scientist,1,4,Medical,Male,Single,Travel_Rarely,2,4382,17,6,No,0,3,3,3,3,4,2,0,5,3,2,2,2,1
829,36,No,0,Human Resources,Human Resources,1,3,Human Resources,Male,Married,Travel_Rarely,13,2143,13,4,No,0,3,3,3,2,2,3,1,8,2,5,2,0,4
830,32,No,0,Research & Development,Manufacturing Director,2,3,Life Sciences,Female,Married,Travel_Rarely,4,6162,12,1,No,0,3,3,2,3,3,3,1,14,3,14,13,6,8
832,40,No,0,Research & Development,Laboratory Technician,2,4,Medical,Male,Single,Travel_Frequently,16,5094,14,6,No,0,3,1,2,3,4,3,0,10,6,1,0,0,0
833,30,No,0,Research & Development,Manufacturing Director,2,3,Medical,Female,Single,Travel_Rarely,2,6877,24,5,Yes,1,4,3,2,4,2,2,0,12,4,0,0,0,0
834,45,No,0,Research & Development,Research Scientist,1,3,Life Sciences,Female,Single,Travel_Rarely,2,2274,14,1,No,0,3,2,2,3,4,3,0,1,3,1,0,0,0
836,42,No,0,Research & Development,Manufacturing Director,2,3,Life Sciences,Male,Married,Travel_Rarely,29,4434,13,1,No,0,3,2,3,2,4,2,1,10,3,9,8,7,8
837,38,No,0,Research & Development,Healthcare Representative,2,3,Life Sciences,Male,Divorced,Travel_Frequently,12,6288,15,2,No,0,3,1,2,1,3,2,1,13,3,4,3,1,2
838,34,No,0,Research & Development,Research Scientist,1,4,Life Sciences,Female,Single,Travel_Frequently,16,2553,16,1,No,0,3,3,2,4,3,3,0,6,3,5,2,1,3
840,49,Yes,1,Sales,Sales Executive,3,3,Marketing,Female,Married,Travel_Rarely,11,7654,18,1,No,0,3,3,3,4,1,4,2,9,3,9,8,7,7
842,55,Yes,1,Sales,Sales Executive,2,1,Medical,Male,Single,Travel_Rarely,2,5160,16,4,No,0,3,3,3,4,3,2,0,12,3,9,7,7,3
843,43,No,0,Research & Development,Research Director,4,2,Life Sciences,Male,Married,Travel_Rarely,14,17159,24,6,No,0,4,2,3,1,3,3,1,22,3,4,1,1,0
844,27,No,0,Research & Development,Research Director,3,1,Technical Degree,Male,Divorced,Travel_Rarely,5,12808,16,1,Yes,1,3,3,2,4,2,3,1,9,3,9,8,0,8
845,35,No,0,Research & Development,Manufacturing Director,3,3,Other,Male,Single,Travel_Rarely,7,10221,21,3,No,0,4,3,3,3,2,4,0,17,3,8,5,1,6
846,28,No,0,Sales,Sales Executive,2,4,Marketing,Female,Married,Travel_Rarely,2,4779,20,1,Yes,1,4,2,3,2,1,3,0,8,2,8,7,7,5
847,34,No,0,Human Resources,Human Resources,1,2,Human Resources,Male,Married,Travel_Rarely,3,3737,19,0,No,0,3,3,3,4,3,1,1,4,1,3,2,0,2
848,26,Yes,1,Research & Development,Research Scientist,1,2,Medical,Female,Married,Travel_Frequently,5,2366,14,1,Yes,1,3,3,2,3,1,3,1,8,2,8,7,1,7
850,27,No,0,Research & Development,Research Scientist,1,3,Medical,Male,Married,Non-Travel,3,1706,11,1,No,0,3,4,3,4,3,2,3,0,6,0,0,0,0
851,51,No,0,Sales,Manager,4,4,Marketing,Female,Married,Travel_Rarely,26,16307,14,2,No,0,3,1,3,3,3,2,1,29,2,20,6,4,17
852,44,No,0,Research & Development,Healthcare Representative,2,3,Medical,Male,Single,Travel_Rarely,4,5933,12,9,No,0,3,4,3,2,4,2,0,10,2,5,2,2,3
854,25,No,0,Research & Development,Research Scientist,1,1,Medical,Male,Single,Travel_Rarely,2,3424,13,7,No,0,3,1,4,1,3,2,0,6,3,4,3,0,1
855,33,No,0,Sales,Sales Executive,2,3,Medical,Male,Divorced,Travel_Rarely,1,4037,22,1,No,0,4,1,4,1,1,3,1,9,5,9,8,0,8
856,35,No,0,Research & Development,Research Scientist,1,1,Medical,Female,Single,Travel_Rarely,27,2559,11,1,No,0,3,3,2,1,4,2,0,6,3,6,5,1,1
857,36,No,0,Sales,Sales Executive,2,2,Life Sciences,Male,Married,Travel_Rarely,1,6201,14,1,Yes,1,3,2,3,4,4,2,1,18,1,18,14,4,11
859,32,No,0,Sales,Sales Executive,2,4,Life Sciences,Male,Divorced,Travel_Rarely,13,4403,11,2,No,0,3,2,3,4,3,2,1,8,3,5,2,0,3
861,30,No,0,Research & Development,Research Scientist,1,4,Life Sciences,Male,Divorced,Travel_Frequently,5,3761,12,9,No,0,3,2,2,4,2,2,1,10,3,5,4,0,3
862,53,No,0,Sales,Sales Executive,3,2,Marketing,Female,Married,Travel_Rarely,7,10934,18,7,Yes,1,3,1,2,4,4,3,1,35,3,5,2,0,4
864,45,No,0,Sales,Sales Executive,3,3,Marketing,Male,Divorced,Travel_Rarely,9,10761,12,4,Yes,1,3,4,3,1,3,3,1,18,2,5,4,0,2
865,32,No,0,Research & Development,Research Scientist,2,2,Medical,Female,Married,Travel_Rarely,8,5175,12,5,No,0,3,3,4,3,3,2,1,9,3,5,3,1,3
867,52,No,0,Research & Development,Manufacturing Director,4,4,Medical,Female,Married,Travel_Frequently,25,13826,22,3,No,0,4,3,2,4,3,3,0,31,3,9,8,0,0
868,37,No,0,Sales,Sales Executive,2,4,Marketing,Male,Divorced,Travel_Rarely,16,6334,19,4,No,0,3,4,2,3,4,3,2,9,2,1,0,0,0
869,28,No,0,Human Resources,Human Resources,1,2,Medical,Male,Divorced,Travel_Rarely,8,4936,13,1,No,0,3,2,2,4,4,3,1,6,6,5,1,0,4
872,22,No,0,Research & Development,Manufacturing Director,2,2,Life Sciences,Male,Married,Travel_Rarely,1,4775,22,6,No,0,4,4,2,4,1,1,2,4,2,2,2,2,2
874,44,No,0,Research & Development,Laboratory Technician,1,4,Life Sciences,Male,Married,Travel_Rarely,8,2818,24,2,Yes,1,4,1,4,4,3,2,1,10,2,3,2,0,2
875,42,No,0,Research & Development,Research Scientist,1,1,Medical,Male,Single,Travel_Frequently,2,2515,14,5,Yes,1,3,2,3,4,4,3,0,8,2,2,1,2,2
878,36,No,0,Human Resources,Human Resources,1,3,Life Sciences,Male,Married,Travel_Rarely,8,2342,21,0,No,0,4,1,2,1,3,3,0,6,3,5,4,0,3
879,25,No,0,Sales,Sales Executive,2,1,Other,Male,Married,Travel_Rarely,3,4194,18,1,Yes,1,3,3,3,1,4,3,0,5,3,5,3,0,3
880,35,No,0,Research & Development,Manufacturing Director,3,3,Life Sciences,Female,Married,Travel_Rarely,9,10685,20,1,Yes,1,4,4,2,3,2,3,1,17,2,17,14,5,15
881,35,Yes,1,Research & Development,Research Scientist,1,4,Life Sciences,Female,Divorced,Travel_Frequently,25,2022,19,1,Yes,1,3,4,3,2,1,2,1,10,3,10,2,7,8
882,32,No,0,Research & Development,Laboratory Technician,1,3,Life Sciences,Male,Divorced,Non-Travel,1,2314,12,0,No,0,3,4,3,4,2,3,1,4,2,3,0,0,2
885,25,No,0,Sales,Sales Executive,2,1,Marketing,Male,Married,Travel_Rarely,4,4256,12,1,No,0,3,3,2,1,1,4,0,5,1,5,2,0,3
887,49,No,0,Research & Development,Research Scientist,1,3,Technical Degree,Female,Married,Travel_Rarely,1,3580,16,2,No,0,3,3,3,1,2,3,1,7,2,4,2,0,2
888,24,No,0,Research & Development,Laboratory Technician,1,1,Life Sciences,Male,Married,Non-Travel,4,3162,17,0,No,0,3,1,2,4,4,2,0,6,2,5,2,3,4
889,32,No,0,Sales,Sales Executive,2,2,Life Sciences,Male,Married,Travel_Frequently,5,6524,14,1,No,0,3,2,3,2,4,3,1,10,3,10,8,5,3
893,38,No,0,Sales,Sales Representative,1,3,Marketing,Male,Married,Travel_Rarely,9,2899,19,0,No,0,3,2,2,2,4,3,1,3,3,2,2,1,2
894,42,No,0,Research & Development,Laboratory Technician,2,3,Life Sciences,Female,Married,Travel_Rarely,3,5231,13,2,Yes,1,3,3,4,4,2,2,1,17,1,5,3,1,3
895,31,No,0,Research & Development,Research Scientist,1,4,Life Sciences,Male,Married,Travel_Rarely,11,2356,19,3,Yes,1,3,4,3,4,2,3,1,8,2,6,4,0,2
896,29,Yes,1,Sales,Sales Representative,1,3,Medical,Female,Divorced,Travel_Rarely,1,2800,19,6,Yes,1,3,2,2,3,3,3,3,5,3,3,2,0,2
897,53,No,0,Sales,Sales Executive,4,3,Marketing,Male,Married,Travel_Rarely,8,11836,14,5,No,0,3,1,3,4,3,3,1,28,3,2,0,2,2
899,35,No,0,Research & Development,Manufacturing Director,3,3,Technical Degree,Male,Married,Travel_Rarely,25,10903,16,3,No,0,3,4,2,2,1,3,0,16,2,13,10,4,8
900,37,No,0,Sales,Sales Representative,1,2,Medical,Female,Married,Travel_Frequently,21,2973,15,5,No,0,3,3,3,4,2,3,1,10,3,5,4,0,0
901,53,No,0,Research & Development,Research Director,4,4,Life Sciences,Female,Single,Travel_Rarely,23,14275,18,6,No,0,3,4,3,4,3,3,0,33,0,12,9,3,8
902,43,No,0,Research & Development,Healthcare Representative,2,3,Life Sciences,Female,Married,Travel_Frequently,1,5562,13,4,No,0,3,4,3,4,2,2,1,12,2,5,2,2,2
903,47,No,0,Sales,Sales Executive,2,2,Marketing,Female,Married,Travel_Rarely,2,4537,22,0,Yes,1,4,3,3,4,1,3,1,8,2,7,6,7,7
904,37,No,0,Sales,Sales Executive,3,2,Medical,Male,Single,Non-Travel,19,7642,13,1,Yes,1,3,1,3,2,4,3,0,10,2,10,0,0,9
905,50,No,0,Research & Development,Manager,4,4,Life Sciences,Male,Divorced,Non-Travel,2,17924,11,1,No,0,3,1,3,1,4,3,1,31,3,31,6,14,7
909,39,No,0,Human Resources,Human Resources,2,3,Life Sciences,Female,Married,Travel_Rarely,2,5204,11,8,No,0,3,4,2,4,3,3,2,13,2,5,4,0,4
910,33,No,0,Human Resources,Human Resources,1,2,Human Resources,Male,Divorced,Travel_Rarely,3,2277,11,3,Yes,1,3,4,3,2,3,4,1,7,4,4,3,0,3
911,32,Yes,1,Research & Development,Laboratory Technician,1,4,Life Sciences,Male,Single,Travel_Rarely,25,2795,24,1,Yes,1,4,1,3,4,3,1,0,1,2,1,0,0,1
912,29,No,0,Research & Development,Laboratory Technician,1,1,Medical,Female,Divorced,Travel_Rarely,7,2532,14,6,No,0,3,1,2,4,3,3,3,8,5,4,3,0,3
913,44,No,0,Research & Development,Research Scientist,1,2,Life Sciences,Male,Married,Travel_Rarely,9,2559,13,1,Yes,1,3,2,3,1,4,3,0,8,0,8,7,7,1
916,28,No,0,Sales,Sales Executive,2,4,Medical,Male,Single,Travel_Rarely,5,4908,14,1,No,0,3,1,3,4,2,3,0,4,3,4,2,0,2
918,58,Yes,1,Research & Development,Laboratory Technician,1,1,Life Sciences,Male,Divorced,Travel_Frequently,2,2380,14,9,Yes,1,3,4,2,4,4,2,1,3,3,1,0,0,0
920,43,No,0,Research & Development,Manufacturing Director,2,3,Life Sciences,Female,Divorced,Travel_Rarely,8,4765,21,4,No,0,4,1,3,2,3,4,1,4,2,1,0,0,0
922,20,Yes,1,Sales,Sales Representative,1,3,Medical,Female,Single,Travel_Rarely,2,2044,13,1,No,0,3,3,2,3,4,2,0,2,3,2,2,0,2
923,21,Yes,1,Research & Development,Research Scientist,1,1,Other,Female,Single,Travel_Rarely,18,2693,19,1,No,0,3,4,3,4,1,2,0,1,3,1,0,0,0
924,36,No,0,Research & Development,Healthcare Representative,2,1,Life Sciences,Male,Married,Travel_Rarely,14,6586,17,0,Yes,1,3,3,3,4,1,2,1,17,2,16,8,4,11
925,47,No,0,Sales,Sales Representative,1,4,Life Sciences,Female,Single,Travel_Rarely,2,3294,18,1,Yes,1,3,4,2,4,1,2,0,3,3,3,2,1,2
926,22,Yes,1,Research & Development,Manufacturing Director,2,1,Life Sciences,Female,Married,Travel_Rarely,3,4171,19,0,Yes,1,3,2,3,3,1,4,1,4,3,3,2,0,2
927,41,Yes,1,Research & Development,Laboratory Technician,1,4,Life Sciences,Female,Divorced,Travel_Rarely,2,2778,13,4,Yes,1,3,2,1,4,3,2,1,10,1,7,7,1,0
930,28,No,0,Research & Development,Research Scientist,1,3,Medical,Female,Divorced,Travel_Rarely,9,2377,18,5,No,0,3,3,3,3,2,3,1,6,2,2,2,2,2
932,39,Yes,1,Research & Development,Laboratory Technician,1,3,Medical,Male,Married,Travel_Rarely,6,2404,21,7,Yes,1,4,4,3,1,4,1,0,8,2,2,2,2,2
933,27,No,0,Research & Development,Research Scientist,1,3,Life Sciences,Female,Single,Travel_Rarely,4,2318,19,1,No,0,3,2,3,3,3,3,0,1,2,1,1,0,0
934,34,No,0,Research & Development,Laboratory Technician,1,3,Life Sciences,Male,Divorced,Travel_Rarely,10,2008,14,1,No,0,3,2,3,2,2,3,2,1,3,1,0,1,0
936,42,No,0,Sales,Sales Executive,2,2,Medical,Female,Single,Travel_Rarely,14,6244,17,7,No,0,3,3,2,3,1,3,0,10,6,5,4,0,3
939,33,No,0,Research & Development,Research Scientist,1,4,Other,Male,Single,Travel_Rarely,1,2799,11,3,Yes,1,3,3,2,1,2,3,0,6,1,3,2,0,2
940,58,No,0,Research & Development,Healthcare Representative,3,3,Technical Degree,Female,Divorced,Travel_Rarely,5,10552,13,2,Yes,1,3,3,2,2,4,3,1,24,3,6,0,0,4
941,31,No,0,Sales,Sales Representative,1,4,Life Sciences,Male,Married,Travel_Rarely,7,2329,15,3,No,0,3,2,2,3,2,4,0,13,2,7,7,5,2
942,35,No,0,Research & Development,Healthcare Representative,2,1,Life Sciences,Female,Married,Travel_Rarely,21,4014,25,1,Yes,1,4,4,3,4,4,1,1,10,2,10,6,0,7
944,49,No,0,Research & Development,Laboratory Technician,3,2,Other,Female,Married,Travel_Rarely,8,7403,11,4,No,0,3,1,3,2,3,2,1,29,3,26,9,1,7
945,48,No,0,Research & Development,Research Scientist,1,4,Medical,Male,Married,Travel_Rarely,20,2259,17,4,No,0,3,4,3,3,1,2,2,13,2,0,0,0,0
947,31,No,0,Sales,Sales Executive,2,2,Marketing,Female,Married,Non-Travel,20,6932,13,1,No,0,3,4,3,3,4,2,1,9,2,9,8,0,0
949,36,No,0,Research & Development,Research Scientist,1,4,Other,Male,Single,Travel_Rarely,7,4678,18,2,No,0,3,2,3,4,3,3,0,8,6,6,2,0,1
950,38,No,0,Research & Development,Research Director,3,3,Technical Degree,Female,Married,Travel_Rarely,1,13582,13,1,No,0,3,4,3,1,2,3,1,15,3,15,12,5,11
951,32,No,0,Research & Development,Laboratory Technician,1,3,Life Sciences,Female,Married,Non-Travel,1,2332,20,6,No,0,4,3,2,2,3,3,0,5,3,3,0,0,2
952,25,Yes,1,Sales,Sales Representative,1,2,Marketing,Male,Married,Travel_Rarely,19,2413,18,1,Yes,1,3,3,2,2,3,3,3,1,2,1,0,0,0
954,40,No,0,Sales,Sales Executive,3,4,Marketing,Male,Divorced,Travel_Rarely,10,9705,12,2,No,0,3,1,2,2,2,2,1,11,2,1,0,0,0
956,26,No,0,Sales,Sales Executive,2,3,Medical,Male,Single,Travel_Frequently,1,4294,12,1,No,0,3,3,2,1,2,3,0,7,2,7,7,0,7
957,41,No,0,Research & Development,Laboratory Technician,1,3,Medical,Male,Single,Travel_Rarely,6,4721,13,2,Yes,1,3,4,3,1,3,3,0,20,3,18,13,2,17
958,36,No,0,Research & Development,Laboratory Technician,1,4,Medical,Male,Single,Travel_Rarely,2,2519,21,4,No,0,4,3,3,3,3,3,0,16,6,11,8,3,9
959,19,Yes,1,Sales,Sales Representative,1,3,Other,Male,Single,Travel_Rarely,21,2121,13,1,Yes,1,3,4,2,2,2,4,0,1,3,1,0,0,0
960,20,Yes,1,Research & Development,Laboratory Technician,1,3,Technical Degree,Male,Single,Travel_Rarely,4,2973,19,1,No,0,3,1,3,1,2,3,0,1,2,1,0,0,0
961,31,No,0,Research & Development,Healthcare Representative,2,3,Medical,Female,Married,Travel_Rarely,12,5855,11,0,Yes,1,3,4,3,4,3,1,2,10,2,9,7,8,5
964,40,No,0,Research & Development,Research Scientist,1,4,Medical,Male,Divorced,Travel_Frequently,9,3617,14,8,Yes,1,3,4,3,2,4,3,1,3,2,1,1,0,0
966,32,No,0,Research & Development,Manufacturing Director,2,4,Medical,Female,Married,Travel_Rarely,3,6725,12,1,No,0,3,3,3,1,3,4,1,8,2,8,7,6,3
967,36,Yes,1,Sales,Sales Executive,3,1,Life Sciences,Male,Married,Travel_Rarely,3,10325,11,1,Yes,1,3,3,2,4,1,3,1,16,6,16,7,3,7
969,33,No,0,Research & Development,Healthcare Representative,2,3,Life Sciences,Female,Single,Travel_Rarely,1,6949,14,0,No,0,3,2,2,4,1,3,0,6,3,5,0,1,4
970,37,Yes,1,Sales,Sales Executive,3,4,Life Sciences,Male,Married,Travel_Rarely,1,10609,11,5,No,0,3,1,2,3,3,1,0,17,2,14,1,11,7
972,45,No,0,Research & Development,Laboratory Technician,2,2,Life Sciences,Male,Married,Non-Travel,4,4447,12,1,No,0,3,3,3,2,2,2,0,9,5,9,7,0,8
974,29,No,0,Sales,Sales Representative,1,3,Technical Degree,Female,Married,Travel_Frequently,20,2157,15,1,No,0,3,3,3,4,2,3,1,3,5,3,1,0,2
975,35,No,0,Sales,Sales Executive,2,3,Medical,Female,Married,Travel_Rarely,18,4601,16,1,No,0,3,3,3,3,2,3,0,5,3,5,2,1,0
976,52,No,0,Research & Development,Manager,4,2,Life Sciences,Male,Married,Travel_Rarely,1,17099,15,2,No,0,3,4,3,4,2,2,1,26,2,9,8,7,8
977,58,Yes,1,Research & Development,Research Scientist,1,3,Technical Degree,Male,Single,Travel_Rarely,2,2479,24,4,No,0,4,4,3,3,1,3,0,7,4,1,0,0,0
981,53,No,0,Sales,Manager,4,2,Medical,Male,Divorced,Travel_Rarely,2,14852,13,6,No,0,3,3,3,3,3,4,1,22,3,17,13,15,2
982,30,No,0,Sales,Sales Executive,3,2,Other,Male,Divorced,Travel_Rarely,8,7264,11,5,No,0,3,3,3,3,1,4,1,10,2,8,4,7,7
983,38,No,0,Sales,Sales Executive,2,3,Technical Degree,Female,Single,Non-Travel,10,5666,13,1,Yes,1,3,3,3,4,2,3,0,6,1,5,3,1,3
984,35,No,0,Sales,Sales Executive,3,4,Life Sciences,Male,Divorced,Travel_Rarely,3,7823,13,6,No,0,3,4,3,4,2,3,1,12,2,10,9,0,8
985,39,No,0,Sales,Sales Executive,3,5,Life Sciences,Male,Single,Travel_Rarely,2,7880,18,0,No,0,3,1,4,3,4,3,0,9,3,8,7,0,7
986,40,Yes,1,Sales,Sales Executive,4,3,Life Sciences,Female,Single,Non-Travel,24,13194,16,4,Yes,1,3,2,4,2,4,2,0,22,2,1,0,0,0
987,47,No,0,Research & Development,Manufacturing Director,2,4,Medical,Male,Divorced,Travel_Frequently,16,5067,19,1,Yes,1,3,3,4,3,3,4,0,20,3,19,10,2,7
990,36,No,0,Sales,Sales Executive,2,4,Technical Degree,Male,Divorced,Non-Travel,8,5079,13,4,No,0,3,1,3,4,4,3,2,12,3,7,7,0,7
991,31,Yes,1,Research & Development,Research Scientist,1,2,Medical,Male,Single,Non-Travel,9,2321,22,0,Yes,1,4,3,2,1,1,3,0,4,0,3,2,1,2
992,33,No,0,Sales,Manager,4,3,Life Sciences,Male,Single,Non-Travel,17,17444,11,1,No,0,3,4,3,3,4,3,0,10,2,10,8,6,0
994,29,Yes,1,Research & Development,Research Scientist,1,3,Life Sciences,Female,Single,Travel_Rarely,10,2404,20,6,Yes,1,4,4,2,1,3,3,0,3,5,0,0,0,0
995,33,No,0,Research & Development,Research Scientist,1,1,Life Sciences,Female,Single,Travel_Rarely,13,3452,18,3,No,0,3,2,3,4,1,3,0,5,4,3,2,0,2
996,45,No,0,Research & Development,Laboratory Technician,1,4,Medical,Female,Divorced,Travel_Rarely,1,2270,14,3,No,0,3,4,3,4,4,3,2,8,2,5,3,0,2
997,50,No,0,Research & Development,Research Director,4,2,Medical,Male,Divorced,Travel_Rarely,1,17399,22,9,No,0,4,4,3,4,3,2,1,32,1,5,4,1,3
998,33,No,0,Research & Development,Healthcare Representative,2,4,Other,Female,Married,Travel_Frequently,1,5488,13,1,Yes,1,3,3,4,2,1,3,1,6,2,6,5,1,2
999,41,No,0,Research & Development,Research Director,5,3,Medical,Male,Divorced,Travel_Frequently,9,19419,17,2,No,0,3,1,3,3,2,4,1,21,2,18,16,0,11
1001,27,No,0,Research & Development,Laboratory Technician,1,4,Technical Degree,Female,Married,Travel_Rarely,16,2811,14,9,No,0,3,3,3,2,2,3,1,4,2,2,2,2,2
1002,45,No,0,Research & Development,Laboratory Technician,2,2,Life Sciences,Male,Married,Non-Travel,23,3633,15,1,Yes,1,3,4,3,1,3,3,1,9,2,9,8,0,8
1003,47,No,0,Sales,Sales Executive,2,2,Life Sciences,Female,Single,Travel_Rarely,4,4163,17,1,Yes,1,3,4,3,4,3,3,0,9,0,9,0,0,7
1004,30,Yes,1,Research & Development,Research Scientist,1,3,Life Sciences,Female,Married,Travel_Rarely,22,2132,11,4,Yes,1,3,1,3,3,2,3,0,7,2,5,2,0,1
1005,50,No,0,Research & Development,Manufacturing Director,4,3,Life Sciences,Male,Married,Travel_Rarely,24,13973,18,3,Yes,1,3,4,3,3,4,3,1,22,2,12,11,1,5
1006,38,No,0,Research & Development,Research Scientist,1,1,Medical,Male,Married,Travel_Frequently,10,2684,17,0,No,0,3,3,3,3,2,2,1,3,0,2,1,0,2
1007,46,No,0,Research & Development,Manufacturing Director,3,2,Medical,Male,Divorced,Travel_Rarely,7,10845,13,6,No,0,3,4,3,3,2,3,1,13,3,8,7,0,7
1009,24,No,0,Research & Development,Manufacturing Director,2,1,Medical,Female,Divorced,Travel_Rarely,17,4377,15,1,No,0,3,4,2,3,2,3,2,5,6,4,2,3,2
1010,35,Yes,1,Research & Development,Laboratory Technician,1,4,Other,Male,Divorced,Travel_Rarely,14,3743,24,1,Yes,1,4,3,2,2,4,1,1,5,2,4,2,0,2
1011,31,No,0,Research & Development,Manufacturing Director,2,1,Life Sciences,Female,Married,Travel_Frequently,1,4148,12,1,No,0,3,3,3,1,3,3,1,4,1,4,3,0,3
1012,18,No,0,Research & Development,Research Scientist,1,2,Life Sciences,Male,Single,Non-Travel,5,1051,15,1,No,0,3,2,3,4,4,3,0,0,2,0,0,0,0
1013,54,No,0,Research & Development,Manufacturing Director,3,3,Technical Degree,Female,Married,Travel_Rarely,17,10739,11,8,No,0,3,3,3,3,3,3,1,22,2,10,7,0,8
1014,35,No,0,Research & Development,Healthcare Representative,3,4,Medical,Female,Divorced,Travel_Rarely,25,10388,11,1,Yes,1,3,3,3,3,3,2,1,16,3,16,10,10,1
1015,30,No,0,Research & Development,Research Director,3,2,Life Sciences,Female,Married,Travel_Rarely,8,11416,12,0,Yes,1,3,2,4,1,3,2,3,9,4,8,7,1,7
1016,20,Yes,1,Research & Development,Research Scientist,1,3,Medical,Female,Single,Travel_Rarely,11,2600,15,1,Yes,1,3,4,2,1,1,3,0,1,2,1,0,0,0
1017,30,Yes,1,Research & Development,Laboratory Technician,1,3,Medical,Female,Single,Travel_Frequently,5,2422,17,0,No,0,3,2,3,2,1,3,0,4,3,3,2,1,2
1018,26,No,0,Research & Development,Manufacturing Director,2,2,Medical,Male,Married,Travel_Rarely,2,5472,12,1,No,0,3,4,4,4,2,3,0,8,2,8,7,1,3
1019,22,No,0,Research & Development,Laboratory Technician,1,1,Life Sciences,Male,Married,Travel_Rarely,8,2451,15,1,No,0,3,2,1,1,1,2,1,4,3,4,3,1,1
1022,48,No,0,Research & Development,Healthcare Representative,2,3,Life Sciences,Male,Single,Travel_Rarely,6,4240,13,2,No,0,3,1,2,3,4,3,0,19,0,2,2,2,2
1024,48,No,0,Research & Development,Healthcare Representative,3,4,Life Sciences,Male,Single,Travel_Rarely,4,10999,14,7,No,0,3,3,2,3,2,3,0,27,3,15,11,4,8
1025,41,No,0,Research & Development,Manufacturing Director,2,2,Medical,Female,Single,Travel_Rarely,7,5003,14,6,No,0,3,4,3,3,2,3,0,8,6,2,2,2,1
1026,39,No,0,Research & Development,Manufacturing Director,4,1,Life Sciences,Female,Married,Travel_Rarely,1,12742,16,1,No,0,3,4,2,4,3,3,1,21,3,21,6,11,8
1027,27,No,0,Research & Development,Manufacturing Director,2,4,Life Sciences,Female,Married,Travel_Rarely,2,4227,18,0,No,0,3,1,3,4,2,3,1,4,2,3,2,2,2
1028,35,No,0,Research & Development,Laboratory Technician,1,3,Other,Male,Divorced,Travel_Rarely,10,3917,20,1,No,0,4,2,3,4,1,2,1,3,4,3,2,1,2
1029,42,No,0,Sales,Manager,5,2,Marketing,Male,Married,Travel_Rarely,5,18303,13,6,No,0,3,4,3,3,2,4,0,21,3,1,0,0,0
1030,50,No,0,Research & Development,Laboratory Technician,1,3,Life Sciences,Male,Married,Travel_Rarely,9,2380,18,4,No,0,3,1,3,4,2,3,0,8,5,1,0,0,0
1032,59,No,0,Research & Development,Manufacturing Director,4,3,Life Sciences,Female,Single,Travel_Rarely,2,13726,13,3,Yes,1,3,3,2,4,1,3,0,30,4,5,3,4,3
1033,37,Yes,1,Research & Development,Healthcare Representative,2,2,Medical,Female,Married,Travel_Rarely,11,4777,15,5,No,0,3,1,1,2,1,1,0,15,2,1,0,0,0
1034,55,No,0,Research & Development,Healthcare Representative,2,4,Medical,Male,Married,Travel_Frequently,18,6385,14,3,Yes,1,3,3,3,2,4,3,2,17,3,8,7,6,7
1035,41,No,0,Research & Development,Research Director,5,1,Life Sciences,Female,Divorced,Non-Travel,7,19973,22,1,No,0,4,2,1,3,2,3,2,21,3,21,16,5,10
1036,38,No,0,Sales,Sales Executive,2,4,Life Sciences,Male,Single,Travel_Rarely,3,6861,12,8,Yes,1,3,2,3,4,3,3,0,19,1,1,0,0,0
1037,26,Yes,1,Sales,Sales Executive,2,2,Medical,Male,Single,Non-Travel,29,4969,18,8,No,0,3,2,1,1,4,3,0,7,6,2,2,2,2
1038,52,Yes,1,Sales,Manager,5,1,Marketing,Female,Married,Travel_Rarely,2,19845,15,1,No,0,3,1,1,4,4,3,1,33,3,32,14,6,9
1039,44,No,0,Sales,Sales Executive,4,3,Medical,Female,Married,Travel_Rarely,28,13320,18,3,Yes,1,3,4,4,4,3,3,1,23,2,12,11,11,11
1040,50,No,0,Sales,Sales Executive,2,3,Life Sciences,Female,Married,Non-Travel,1,6347,12,0,No,0,3,4,3,3,1,3,1,19,3,18,7,0,13
1042,36,Yes,1,Research & Development,Laboratory Technician,1,4,Life Sciences,Female,Single,Travel_Rarely,16,2743,16,1,No,0,3,3,4,1,3,3,0,18,1,17,13,15,14
1043,39,No,0,Research & Development,Manufacturing Director,3,3,Medical,Female,Single,Travel_Frequently,22,10880,13,1,Yes,1,3,4,3,1,3,3,0,21,2,21,6,2,8
1044,33,No,0,Sales,Sales Representative,1,1,Life Sciences,Female,Single,Non-Travel,8,2342,19,0,No,0,3,2,2,4,4,2,0,3,2,2,2,2,2
1045,45,No,0,Sales,Manager,4,2,Life Sciences,Female,Married,Travel_Rarely,11,17650,13,3,No,0,3,4,3,4,2,4,1,26,4,9,3,1,1
1046,32,No,0,Research & Development,Laboratory Technician,1,4,Medical,Female,Single,Non-Travel,29,4025,12,9,No,0,3,4,3,3,2,3,0,10,2,8,7,7,7
1047,34,No,0,Sales,Sales Executive,2,4,Marketing,Male,Divorced,Travel_Rarely,1,9725,11,0,No,0,3,2,4,4,4,2,1,16,2,15,1,0,9
1048,59,No,0,Sales,Manager,3,2,Technical Degree,Male,Married,Travel_Rarely,1,11904,14,3,Yes,1,3,2,3,4,3,1,1,14,1,6,4,0,4
1049,45,No,0,Human Resources,Human Resources,1,4,Medical,Male,Single,Travel_Rarely,24,2177,16,1,No,0,3,2,3,2,1,3,0,6,3,6,3,0,4
1050,53,No,0,Sales,Sales Executive,3,3,Marketing,Female,Married,Travel_Frequently,2,7525,12,2,No,0,3,3,2,2,1,3,1,30,2,15,7,6,12
1052,36,Yes,1,Research & Development,Laboratory Technician,2,3,Other,Male,Divorced,Travel_Rarely,15,4834,14,7,No,0,3,1,3,3,2,2,1,9,3,1,0,0,0
1053,26,Yes,1,Research & Development,Research Scientist,1,3,Life Sciences,Male,Married,Travel_Frequently,2,2042,14,6,Yes,1,3,1,3,1,2,3,1,6,2,3,2,1,2
1055,34,No,0,Sales,Sales Representative,1,4,Life Sciences,Female,Married,Travel_Rarely,10,2220,19,1,Yes,1,3,3,3,3,4,3,1,1,2,1,1,0,0
1056,28,No,0,Sales,Sales Representative,1,1,Medical,Male,Married,Travel_Rarely,10,1052,22,1,No,0,4,4,3,2,2,3,0,1,5,1,0,0,0
1060,38,No,0,Research & Development,Research Scientist,1,4,Other,Male,Married,Travel_Frequently,3,2821,16,3,No,0,3,3,3,3,1,3,1,8,2,2,2,2,2
1061,50,No,0,Research & Development,Research Director,5,4,Medical,Male,Married,Travel_Rarely,2,19237,11,2,Yes,1,3,2,3,3,4,2,1,29,2,8,1,7,7
1062,37,No,0,Research & Development,Healthcare Representative,2,3,Other,Female,Single,Travel_Rarely,3,4107,15,3,No,0,3,4,3,2,1,2,0,8,3,4,3,0,1
1066,40,No,0,Sales,Sales Executive,2,3,Marketing,Male,Married,Travel_Rarely,26,8396,14,1,No,0,3,3,3,1,2,2,1,8,3,7,7,7,5
1068,26,No,0,Research & Development,Research Scientist,1,1,Medical,Female,Divorced,Travel_Frequently,1,2007,13,1,No,0,3,1,2,3,3,3,2,5,5,5,3,1,3
1069,46,No,0,Research & Development,Research Director,5,4,Medical,Male,Divorced,Travel_Rarely,1,19627,17,9,No,0,3,4,3,4,4,3,2,23,0,2,2,2,2
1070,54,No,0,Sales,Sales Executive,3,4,Life Sciences,Female,Married,Travel_Rarely,2,10686,11,6,No,0,3,3,2,3,2,3,1,13,4,9,4,7,0
1071,56,No,0,Research & Development,Research Scientist,1,3,Medical,Female,Married,Travel_Frequently,9,2942,19,2,No,0,3,1,3,3,2,3,1,18,4,5,4,0,3
1073,36,No,0,Research & Development,Manufacturing Director,3,5,Medical,Female,Single,Travel_Rarely,12,8858,11,0,No,0,3,4,2,4,2,2,0,15,2,14,8,7,8
1074,55,No,0,Research & Development,Manager,4,1,Medical,Male,Single,Non-Travel,2,16756,15,7,No,0,3,3,2,1,2,4,0,31,3,9,7,6,2
1076,43,No,0,Sales,Sales Executive,3,3,Medical,Male,Divorced,Travel_Rarely,25,10798,13,5,No,0,3,3,2,4,3,3,1,18,5,1,0,0,0
1077,20,Yes,1,Sales,Sales Representative,1,3,Marketing,Female,Single,Travel_Frequently,9,2323,14,1,Yes,1,3,4,3,4,2,3,0,2,3,2,2,0,2
1079,21,Yes,1,Research & Development,Laboratory Technician,1,3,Life Sciences,Female,Single,Travel_Rarely,10,1416,13,1,No,0,3,3,2,1,1,2,0,1,6,1,0,1,0
1080,46,No,0,Research & Development,Research Scientist,2,4,Life Sciences,Female,Divorced,Travel_Rarely,8,4615,23,8,Yes,1,4,4,2,1,1,3,3,19,2,16,13,1,7
1081,51,Yes,1,Research & Development,Research Scientist,1,4,Life Sciences,Male,Married,Travel_Rarely,4,2461,12,9,Yes,1,3,1,3,3,3,4,3,18,2,10,0,2,7
1082,28,Yes,1,Research & Development,Healthcare Representative,3,2,Technical Degree,Male,Single,Non-Travel,24,8722,12,1,No,0,3,2,2,1,1,2,0,10,2,10,7,1,9
1083,26,No,0,Research & Development,Laboratory Technician,1,2,Medical,Male,Married,Travel_Rarely,1,3955,16,1,No,0,3,1,2,1,1,3,2,6,2,5,3,1,3
1084,30,No,0,Research & Development,Manufacturing Director,2,3,Other,Male,Married,Travel_Rarely,20,9957,15,0,No,0,3,3,3,1,3,2,1,7,1,6,2,0,2
1085,41,No,0,Research & Development,Research Scientist,1,2,Technical Degree,Female,Married,Travel_Rarely,7,3376,13,1,No,0,3,2,4,3,3,3,0,10,3,10,6,0,8
1088,38,No,0,Research & Development,Healthcare Representative,3,1,Life Sciences,Female,Married,Travel_Rarely,17,8823,18,0,No,0,3,3,2,3,1,2,1,20,4,19,9,1,9
1092,40,No,0,Research & Development,Healthcare Representative,3,4,Technical Degree,Male,Married,Travel_Rarely,20,10322,20,4,No,0,4,1,3,4,4,3,1,14,6,11,10,11,1
1094,27,No,0,Research & Development,Laboratory Technician,1,5,Life Sciences,Male,Married,Non-Travel,8,4621,19,1,No,0,3,1,1,3,4,3,3,3,4,3,2,1,2
1096,55,No,0,Research & Development,Manufacturing Director,3,1,Life Sciences,Male,Married,Travel_Frequently,2,10976,18,3,No,0,3,4,3,2,2,3,1,23,4,3,2,1,2
1097,28,No,0,Research & Development,Research Scientist,2,3,Other,Female,Single,Travel_Rarely,10,3660,13,3,No,0,3,3,3,3,4,4,0,10,4,8,7,1,7
1098,44,Yes,1,Human Resources,Human Resources,3,2,Medical,Male,Married,Travel_Rarely,1,10482,14,9,No,0,3,2,2,1,4,3,1,24,1,20,6,3,6
1099,33,No,0,Research & Development,Healthcare Representative,3,3,Life Sciences,Male,Divorced,Travel_Rarely,5,7119,15,4,No,0,3,4,2,4,3,3,1,9,2,3,2,1,2
1100,35,Yes,1,Sales,Sales Executive,3,3,Technical Degree,Male,Single,Travel_Rarely,4,9582,22,0,Yes,1,4,4,3,1,1,3,0,9,2,8,7,4,7
1101,33,Yes,1,Research & Development,Research Scientist,2,4,Medical,Female,Single,Travel_Frequently,29,4508,22,1,No,0,4,1,2,3,2,3,0,14,4,13,7,3,8
1102,28,No,0,Research & Development,Laboratory Technician,1,2,Life Sciences,Male,Divorced,Travel_Rarely,15,2207,16,1,No,0,3,1,3,3,4,2,1,4,5,4,2,2,2
1103,34,No,0,Research & Development,Healthcare Representative,2,1,Life Sciences,Male,Single,Travel_Frequently,3,7756,17,0,No,0,3,1,3,4,3,2,0,7,1,6,2,0,4
1105,37,No,0,Sales,Sales Executive,2,4,Life Sciences,Female,Divorced,Travel_Rarely,10,6694,14,2,Yes,1,3,4,2,4,3,3,3,8,5,1,0,0,0
1106,25,Yes,1,Research & Development,Laboratory Technician,1,1,Technical Degree,Male,Married,Travel_Rarely,4,3691,15,1,Yes,1,3,4,3,4,2,4,1,7,3,7,7,5,6
1107,26,Yes,1,Research & Development,Laboratory Technician,1,3,Medical,Male,Divorced,Travel_Rarely,21,2377,20,1,No,0,4,1,3,3,3,2,1,1,0,1,1,0,0
1108,33,Yes,1,Research & Development,Research Scientist,1,3,Medical,Male,Single,Travel_Rarely,25,2313,20,4,Yes,1,4,1,2,2,2,3,0,5,0,2,2,2,2
1109,42,No,0,Research & Development,Manager,4,2,Medical,Male,Married,Travel_Rarely,2,17665,17,0,No,0,3,4,3,1,4,3,1,23,3,22,6,13,7
1111,28,Yes,1,Research & Development,Laboratory Technician,1,3,Medical,Male,Divorced,Travel_Frequently,1,2596,15,1,No,0,3,1,2,2,1,3,2,1,2,1,0,0,0
1113,50,Yes,1,Sales,Sales Executive,2,4,Other,Male,Single,Travel_Frequently,1,4728,14,3,Yes,1,3,4,3,3,4,3,0,5,4,0,0,0,0
1114,33,No,0,Sales,Sales Executive,2,3,Life Sciences,Female,Married,Travel_Frequently,7,4302,17,0,No,0,3,4,3,2,3,3,1,4,3,3,2,0,2
1115,34,No,0,Research & Development,Research Scientist,1,4,Life Sciences,Male,Married,Non-Travel,3,2979,17,3,No,0,3,3,2,4,4,3,3,6,2,0,0,0,0
1116,48,No,0,Research & Development,Manager,4,4,Medical,Male,Single,Non-Travel,1,16885,22,2,No,0,4,1,4,4,3,2,0,27,3,5,4,2,1
1117,45,No,0,Sales,Sales Executive,2,4,Life Sciences,Female,Married,Non-Travel,9,5593,13,1,No,0,3,2,2,3,4,3,1,15,2,15,10,4,12
1118,52,No,0,Research & Development,Healthcare Representative,3,4,Life Sciences,Male,Single,Travel_Rarely,7,10445,19,7,No,0,3,2,3,2,4,3,0,18,4,8,6,4,0
1119,38,No,0,Sales,Sales Executive,3,4,Marketing,Male,Divorced,Travel_Rarely,10,8740,14,0,Yes,1,3,3,2,3,2,3,2,9,2,8,7,2,7
1120,29,No,0,Research & Development,Research Scientist,1,4,Life Sciences,Female,Divorced,Travel_Rarely,28,2514,22,4,No,0,4,3,3,4,1,3,1,11,1,7,5,1,7
1121,28,No,0,Research & Development,Manufacturing Director,3,3,Medical,Female,Divorced,Travel_Rarely,3,7655,17,0,No,0,3,4,3,2,2,2,3,10,3,9,7,1,7
1124,46,No,0,Sales,Manager,4,1,Marketing,Male,Married,Travel_Rarely,3,17465,12,3,No,0,3,1,3,3,4,3,1,23,3,12,9,4,9
1125,38,No,0,Sales,Sales Executive,3,2,Marketing,Male,Single,Travel_Rarely,2,7351,16,7,No,0,3,4,3,2,3,3,0,10,2,1,0,0,0
1126,43,No,0,Research & Development,Manufacturing Director,3,3,Life Sciences,Female,Married,Travel_Frequently,27,10820,11,8,No,0,3,3,3,1,3,3,1,18,1,8,7,0,1
1127,39,Yes,1,Research & Development,Healthcare Representative,4,3,Life Sciences,Male,Divorced,Travel_Frequently,2,12169,11,7,No,0,3,1,3,4,4,3,3,21,4,18,7,11,5
1128,40,No,0,Research & Development,Research Director,5,3,Medical,Male,Single,Travel_Rarely,14,19626,14,1,No,0,3,3,2,3,1,4,0,21,2,20,7,4,9
1131,21,No,0,Research & Development,Research Scientist,1,1,Technical Degree,Female,Single,Travel_Rarely,1,2070,11,1,Yes,1,3,4,2,2,3,4,0,2,6,2,2,2,2
1132,39,No,0,Research & Development,Laboratory Technician,2,3,Life Sciences,Male,Single,Non-Travel,9,6782,15,9,No,0,3,3,3,2,3,2,0,9,2,5,4,0,3
1133,36,No,0,Research & Development,Manufacturing Director,2,4,Life Sciences,Male,Single,Non-Travel,18,7779,20,2,No,0,4,1,3,4,1,3,0,18,0,11,9,0,9
1135,31,No,0,Sales,Sales Representative,1,3,Life Sciences,Male,Married,Travel_Frequently,20,2791,12,0,No,0,3,3,4,4,1,3,1,3,4,2,2,2,2
1136,28,No,0,Research & Development,Research Scientist,1,1,Life Sciences,Male,Married,Travel_Rarely,2,3201,17,0,No,0,3,1,2,2,1,1,0,6,2,5,3,0,4
1137,35,No,0,Sales,Sales Executive,2,2,Marketing,Male,Divorced,Travel_Frequently,11,4968,11,1,No,0,3,4,3,4,4,3,1,5,3,5,2,0,2
1138,49,No,0,Sales,Sales Executive,4,4,Technical Degree,Male,Married,Travel_Rarely,8,13120,17,6,No,0,3,4,2,2,2,3,1,22,3,9,8,2,3
1140,34,No,0,Research & Development,Manufacturing Director,2,2,Life Sciences,Male,Single,Travel_Frequently,2,4033,11,2,No,0,3,4,3,3,4,2,0,5,3,3,2,0,2
1143,29,No,0,Research & Development,Research Scientist,1,3,Life Sciences,Female,Divorced,Travel_Frequently,10,3291,14,0,No,0,3,4,3,2,4,2,2,8,2,7,5,1,1
1148,42,No,0,Research & Development,Laboratory Technician,2,3,Medical,Male,Single,Travel_Rarely,29,4272,19,4,No,0,3,2,1,4,1,3,0,16,3,1,0,0,0
1150,29,No,0,Research & Development,Manufacturing Director,2,1,Medical,Male,Married,Travel_Rarely,8,5056,15,1,Yes,1,3,2,2,4,3,2,1,10,2,10,7,1,2
1152,38,No,0,Human Resources,Human Resources,1,3,Human Resources,Male,Married,Travel_Rarely,1,2844,13,1,No,0,3,3,4,3,4,4,1,7,2,7,6,5,0
1154,28,No,0,Research & Development,Research Scientist,1,3,Life Sciences,Male,Divorced,Travel_Frequently,6,2703,14,1,Yes,1,3,3,2,3,4,3,1,3,2,3,1,0,2
1156,18,Yes,1,Research & Development,Laboratory Technician,1,1,Medical,Male,Single,Non-Travel,8,1904,12,1,No,0,3,3,3,3,4,3,0,0,0,0,0,0,0
1157,33,Yes,1,Sales,Sales Executive,2,4,Marketing,Female,Single,Travel_Rarely,9,8224,17,0,Yes,1,3,1,3,1,1,3,0,6,3,5,2,0,3
1158,41,No,0,Research & Development,Laboratory Technician,1,4,Life Sciences,Male,Married,Travel_Rarely,12,4766,11,3,Yes,1,3,2,3,4,1,3,1,6,4,1,0,0,0
1160,31,Yes,1,Research & Development,Laboratory Technician,1,3,Medical,Male,Married,Travel_Frequently,15,2610,12,1,No,0,3,3,3,3,3,2,1,2,5,2,2,2,2
1161,37,No,0,Research & Development,Healthcare Representative,2,2,Medical,Female,Divorced,Travel_Rarely,25,5731,13,7,No,0,3,3,2,4,3,3,2,9,2,6,2,1,3
1162,27,No,0,Research & Development,Research Scientist,1,3,Life Sciences,Male,Married,Travel_Rarely,6,2539,13,1,No,0,3,4,2,3,3,3,1,4,0,4,2,2,2
1163,34,No,0,Sales,Sales Executive,2,1,Life Sciences,Female,Married,Travel_Rarely,9,5714,20,1,No,0,4,2,3,3,1,2,0,6,3,6,5,1,3
1164,35,No,0,Human Resources,Human Resources,1,4,Technical Degree,Male,Single,Travel_Rarely,8,4323,17,1,No,0,3,3,3,3,2,1,0,6,2,5,4,1,4
1165,29,Yes,1,Sales,Sales Executive,3,1,Life Sciences,Female,Married,Travel_Rarely,23,7336,13,1,No,0,3,4,2,1,1,1,1,11,3,11,8,3,10
1166,40,No,0,Research & Development,Research Director,3,4,Medical,Female,Single,Travel_Frequently,9,13499,17,9,No,0,3,2,3,3,3,2,0,20,3,18,7,2,13
1167,42,Yes,1,Sales,Sales Executive,4,3,Life Sciences,Male,Single,Travel_Frequently,12,13758,12,0,Yes,1,3,3,3,1,2,2,0,22,2,21,9,13,14
1171,42,No,0,Sales,Sales Executive,2,4,Marketing,Male,Single,Travel_Rarely,4,5155,13,7,No,0,3,2,3,1,4,4,0,9,3,6,4,1,5
1172,35,No,0,Research & Development,Laboratory Technician,1,4,Medical,Male,Married,Travel_Rarely,1,2258,12,6,No,0,3,4,2,3,2,3,1,10,2,8,0,1,7
1173,24,No,0,Research & Development,Laboratory Technician,1,3,Medical,Male,Single,Travel_Rarely,24,3597,22,8,No,0,4,4,3,2,4,3,0,6,2,4,3,1,2
1175,28,Yes,1,Research & Development,Laboratory Technician,1,1,Life Sciences,Female,Married,Travel_Rarely,12,2515,11,1,Yes,1,3,3,3,4,4,2,0,1,4,1,1,0,0
1177,26,No,0,Research & Development,Laboratory Technician,1,4,Medical,Male,Married,Travel_Rarely,3,4420,22,1,No,0,4,1,4,4,2,3,1,8,2,8,7,0,7
1179,30,No,0,Sales,Sales Executive,2,3,Marketing,Male,Married,Travel_Rarely,10,6578,18,1,No,0,3,3,2,3,1,3,1,10,3,10,3,1,4
1180,40,No,0,Research & Development,Research Scientist,2,2,Medical,Female,Married,Travel_Frequently,26,4422,13,3,Yes,1,3,3,2,4,4,1,1,16,3,1,1,0,0
1182,35,No,0,Research & Development,Manufacturing Director,3,3,Life Sciences,Male,Divorced,Travel_Rarely,2,10274,18,2,No,0,3,3,2,2,2,4,1,15,2,7,7,6,4
1184,34,No,0,Research & Development,Healthcare Representative,2,3,Medical,Male,Single,Travel_Frequently,1,5343,20,0,No,0,4,4,2,1,3,3,0,14,3,13,9,4,9
1185,35,No,0,Research & Development,Laboratory Technician,1,4,Other,Male,Married,Travel_Frequently,4,2376,13,1,No,0,3,4,2,4,2,4,1,2,2,2,2,2,2
1188,43,Yes,1,Sales,Sales Executive,2,3,Marketing,Female,Single,Travel_Rarely,9,5346,13,8,No,0,3,1,1,3,2,2,0,7,2,4,3,1,3
1190,32,No,0,Sales,Sales Representative,1,1,Life Sciences,Female,Divorced,Non-Travel,2,2827,12,1,No,0,3,3,3,1,3,3,3,1,3,1,0,0,0
1191,56,No,0,Research & Development,Manager,5,4,Technical Degree,Female,Divorced,Travel_Rarely,4,19943,13,4,No,0,3,4,3,1,4,3,1,28,2,5,2,4,2
1192,29,No,0,Research & Development,Laboratory Technician,1,1,Medical,Female,Married,Travel_Rarely,6,3131,13,1,No,0,3,2,3,4,1,3,1,10,5,10,8,0,8
1193,19,No,0,Research & Development,Research Scientist,1,2,Life Sciences,Male,Single,Travel_Rarely,9,2552,25,1,No,0,4,3,3,1,3,3,0,1,4,1,1,0,0
1195,45,No,0,Research & Development,Research Scientist,1,3,Medical,Female,Married,Travel_Rarely,7,4477,19,4,Yes,1,3,1,3,3,3,2,1,7,2,3,2,0,2
1196,37,No,0,Research & Development,Manufacturing Director,2,3,Life Sciences,Female,Married,Travel_Rarely,1,6474,13,1,No,0,3,4,2,4,2,2,1,14,2,14,8,3,11
1198,20,No,0,Research & Development,Laboratory Technician,1,3,Life Sciences,Male,Single,Travel_Rarely,3,3033,12,1,No,0,3,1,2,3,1,2,0,2,2,2,2,1,2
1200,44,Yes,1,Research & Development,Research Scientist,1,4,Life Sciences,Male,Single,Travel_Rarely,10,2936,11,1,Yes,1,3,3,3,3,3,3,0,6,4,6,4,0,2
1201,53,No,0,Research & Development,Manager,5,2,Medical,Female,Divorced,Travel_Rarely,7,18606,18,3,No,0,3,4,3,3,2,3,1,26,6,7,7,4,7
1202,29,No,0,Research & Development,Research Scientist,1,1,Life Sciences,Female,Married,Travel_Rarely,15,2168,18,0,Yes,1,3,2,1,4,1,2,1,6,2,5,4,1,3
1203,22,Yes,1,Research & Development,Research Scientist,1,4,Life Sciences,Male,Married,Travel_Frequently,3,2853,11,0,Yes,1,3,3,2,4,2,3,1,1,5,0,0,0,0
1204,46,No,0,Sales,Manager,4,3,Marketing,Female,Married,Travel_Rarely,2,17048,23,8,No,0,4,3,3,1,1,3,0,28,2,26,15,15,9
1206,44,No,0,Research & Development,Research Scientist,1,3,Life Sciences,Male,Single,Non-Travel,17,2290,13,2,No,0,3,4,1,3,4,3,0,6,3,0,0,0,0
1207,33,No,0,Human Resources,Human Resources,1,3,Human Resources,Male,Married,Travel_Rarely,2,3600,13,1,No,0,3,2,3,3,4,3,1,5,2,5,4,1,4
1210,41,Yes,1,Research & Development,Research Scientist,1,2,Life Sciences,Male,Divorced,Non-Travel,5,2107,17,6,No,0,3,1,2,1,1,1,1,5,2,1,0,0,0
1211,30,No,0,Sales,Sales Executive,2,4,Life Sciences,Male,Divorced,Travel_Rarely,29,4115,19,8,No,0,3,3,3,1,3,3,3,8,3,4,3,0,3
1212,40,No,0,Sales,Sales Executive,2,4,Medical,Male,Married,Travel_Frequently,2,4327,12,5,No,0,3,2,3,2,4,3,3,5,2,0,0,0,0
1215,50,No,0,Research & Development,Manager,4,3,Medical,Female,Married,Travel_Frequently,2,17856,22,2,No,0,4,4,3,1,3,3,1,32,3,2,2,2,2
1216,28,No,0,Research & Development,Laboratory Technician,1,4,Medical,Male,Married,Travel_Rarely,19,3196,12,1,No,0,3,4,2,1,3,3,3,6,2,6,5,3,3
1217,46,No,0,Research & Development,Research Director,5,2,Life Sciences,Male,Married,Travel_Rarely,15,19081,11,5,No,0,3,4,3,2,1,3,1,25,2,4,2,0,3
1218,35,No,0,Sales,Sales Executive,2,4,Life Sciences,Male,Married,Travel_Rarely,17,8966,15,3,Yes,1,3,3,3,1,4,3,3,15,2,7,7,1,7
1219,24,Yes,1,Research & Development,Laboratory Technician,1,2,Life Sciences,Female,Married,Travel_Rarely,17,2210,13,1,No,0,3,4,3,2,1,1,1,1,3,1,0,0,0
1220,33,No,0,Sales,Sales Executive,2,3,Medical,Female,Married,Travel_Frequently,25,4539,12,1,No,0,3,2,3,3,1,2,1,10,3,10,7,0,1
1221,36,No,0,Research & Development,Laboratory Technician,1,4,Life Sciences,Male,Divorced,Travel_Rarely,6,2741,14,1,No,0,3,3,1,3,3,3,1,7,4,7,7,1,7
1224,30,No,0,Research & Development,Laboratory Technician,2,4,Life Sciences,Male,Divorced,Travel_Rarely,7,3491,13,1,No,0,3,3,3,3,1,2,3,10,4,10,7,8,9
1225,44,No,0,Research & Development,Research Scientist,2,4,Other,Male,Single,Travel_Rarely,29,4541,25,1,No,0,4,4,3,4,2,3,0,20,3,20,11,13,17
1226,20,No,0,Sales,Sales Representative,1,3,Marketing,Male,Single,Travel_Rarely,21,2678,17,1,No,0,3,3,4,4,4,3,0,2,2,2,1,2,2
1228,46,No,0,Research & Development,Manufacturing Director,2,4,Technical Degree,Male,Divorced,Travel_Rarely,2,7379,11,2,No,0,3,4,3,4,3,2,1,12,3,6,3,1,4
1231,42,No,0,Human Resources,Human Resources,2,5,Medical,Male,Married,Non-Travel,2,6272,16,7,No,0,3,4,4,1,1,4,1,10,3,4,3,0,3
1233,60,No,0,Sales,Sales Executive,2,4,Marketing,Male,Divorced,Travel_Rarely,7,5220,18,0,Yes,1,3,2,4,4,2,3,1,12,3,11,7,1,9
1234,32,No,0,Research & Development,Laboratory Technician,1,3,Other,Female,Married,Travel_Frequently,13,2743,20,1,No,0,4,3,2,2,3,3,1,2,2,2,2,2,2
1235,32,No,0,Research & Development,Research Scientist,2,2,Life Sciences,Female,Single,Travel_Frequently,2,4998,14,4,Yes,1,3,4,3,3,4,3,0,10,2,8,7,0,7
1237,36,No,0,Research & Development,Manufacturing Director,3,3,Technical Degree,Female,Divorced,Travel_Rarely,1,10252,21,2,Yes,1,4,3,1,1,3,3,1,17,2,7,7,7,7
1238,33,No,0,Research & Development,Research Scientist,1,3,Medical,Male,Married,Travel_Rarely,9,2781,13,0,No,0,3,1,3,4,2,3,1,15,5,14,10,4,10
1239,40,No,0,Sales,Sales Executive,2,3,Technical Degree,Female,Divorced,Travel_Rarely,10,6852,12,7,No,0,3,2,2,2,2,4,1,7,2,5,1,1,3
1240,25,No,0,Sales,Sales Executive,2,4,Life Sciences,Male,Single,Travel_Rarely,10,4950,14,0,No,0,3,3,3,4,2,3,0,5,4,4,3,1,1
1241,30,No,0,Research & Development,Research Scientist,1,3,Medical,Male,Married,Travel_Rarely,1,3579,21,0,Yes,1,4,4,3,2,1,3,1,12,2,11,9,5,7
1242,42,No,0,Research & Development,Research Director,3,5,Medical,Female,Married,Travel_Frequently,26,13191,17,3,Yes,1,3,1,3,1,3,3,0,20,6,1,0,0,0
1243,35,No,0,Sales,Sales Executive,3,2,Marketing,Female,Married,Non-Travel,8,10377,11,4,Yes,1,3,3,2,4,2,2,1,16,6,13,2,4,12
1244,27,No,0,Research & Development,Research Scientist,1,3,Life Sciences,Male,Married,Travel_Rarely,14,2235,14,1,Yes,1,3,1,3,1,4,2,2,9,3,9,7,6,8
1245,54,No,0,Research & Development,Manufacturing Director,3,4,Life Sciences,Female,Divorced,Travel_Frequently,1,10502,17,7,No,0,3,4,3,3,1,1,1,33,2,5,4,1,4
1246,44,No,0,Research & Development,Research Scientist,1,1,Life Sciences,Female,Married,Travel_Rarely,2,2011,13,1,No,0,3,1,4,4,4,3,1,10,5,10,5,7,7
1248,19,Yes,1,Research & Development,Research Scientist,1,3,Medical,Female,Single,Non-Travel,10,1859,25,1,Yes,1,4,1,2,2,2,4,0,1,2,1,1,0,0
1249,29,No,0,Research & Development,Research Scientist,1,3,Life Sciences,Female,Divorced,Travel_Rarely,1,3760,15,1,No,0,3,1,3,4,1,3,3,3,5,3,2,1,2
1250,54,No,0,Research & Development,Research Director,4,3,Life Sciences,Male,Married,Travel_Rarely,3,17779,14,3,No,0,3,4,3,4,1,3,0,36,2,10,9,0,9
1251,31,No,0,Research & Development,Healthcare Representative,2,2,Medical,Male,Married,Travel_Rarely,11,6833,12,1,Yes,1,3,3,3,1,4,2,0,6,2,6,5,0,1
1252,31,No,0,Research & Development,Healthcare Representative,2,3,Medical,Female,Single,Travel_Rarely,24,6812,19,1,No,0,3,3,2,1,2,3,0,10,2,10,9,1,8
1254,59,No,0,Sales,Sales Executive,2,3,Life Sciences,Female,Single,Travel_Rarely,3,5171,17,5,No,0,3,3,2,4,4,3,0,13,2,6,1,0,5
1255,43,No,0,Research & Development,Research Director,5,3,Life Sciences,Male,Married,Travel_Rarely,3,19740,14,3,No,0,3,3,1,4,2,3,1,25,2,8,7,0,7
1256,49,No,0,Research & Development,Manager,5,2,Medical,Male,Married,Travel_Rarely,4,18711,13,2,No,0,3,1,2,3,3,4,1,23,2,1,0,0,0
1257,36,No,0,Research & Development,Research Scientist,1,3,Technical Degree,Male,Married,Travel_Frequently,3,3692,12,1,No,0,3,3,3,2,3,2,0,12,2,11,10,0,7
1258,48,No,0,Research & Development,Laboratory Technician,1,2,Technical Degree,Male,Single,Travel_Rarely,2,2559,11,5,No,0,3,4,4,2,3,2,0,7,4,1,0,0,0
1259,27,No,0,Research & Development,Research Scientist,1,2,Life Sciences,Male,Divorced,Travel_Rarely,4,2517,11,1,No,0,3,1,3,3,2,3,3,5,2,5,3,0,3
1260,29,No,0,Research & Development,Healthcare Representative,2,3,Life Sciences,Male,Divorced,Travel_Rarely,7,6623,11,1,Yes,1,3,3,3,4,2,3,2,6,2,6,0,1,0
1263,48,No,0,Research & Development,Research Director,5,3,Life Sciences,Male,Single,Travel_Rarely,1,18265,12,6,No,0,3,4,2,4,3,4,0,25,3,1,0,0,0
1264,29,No,0,Research & Development,Research Director,4,3,Life Sciences,Female,Divorced,Travel_Rarely,1,16124,14,3,No,0,3,4,2,4,2,2,2,9,2,7,7,1,7
1265,34,No,0,Research & Development,Research Scientist,1,3,Technical Degree,Female,Married,Travel_Rarely,20,2585,17,0,No,0,3,3,4,3,4,2,0,2,5,1,0,0,0
1267,44,No,0,Sales,Manager,5,3,Marketing,Male,Married,Travel_Rarely,5,18213,11,7,No,0,3,2,3,2,3,3,1,26,5,22,9,3,10
1268,33,No,0,Sales,Sales Executive,3,5,Marketing,Male,Divorced,Travel_Rarely,10,8380,14,0,Yes,1,3,4,4,3,4,3,2,10,3,9,8,0,8
1269,19,No,0,Research & Development,Research Scientist,1,3,Life Sciences,Female,Single,Travel_Rarely,25,2994,12,1,Yes,1,3,2,4,4,4,3,0,1,2,1,0,0,1
1270,23,No,0,Research & Development,Research Scientist,1,2,Life Sciences,Male,Married,Travel_Rarely,1,1223,22,1,No,0,4,4,3,3,4,3,1,1,2,1,0,0,1
1273,25,Yes,1,Sales,Sales Representative,1,1,Life Sciences,Male,Single,Travel_Frequently,24,1118,14,1,Yes,1,3,3,1,4,4,3,0,1,4,1,0,1,0
1275,26,No,0,Research & Development,Research Scientist,1,2,Life Sciences,Male,Single,Travel_Rarely,4,2875,20,1,Yes,1,4,3,3,4,2,2,0,8,2,8,5,2,2
1277,45,Yes,1,Sales,Manager,5,3,Marketing,Female,Single,Travel_Rarely,2,18824,16,2,Yes,1,3,1,1,2,1,3,0,26,2,24,10,1,11
1278,55,No,0,Research & Development,Healthcare Representative,4,1,Medical,Male,Divorced,Non-Travel,8,13577,15,1,Yes,1,3,4,2,2,4,3,1,34,3,33,9,15,0
1279,21,Yes,1,Research & Development,Laboratory Technician,1,2,Life Sciences,Female,Single,Travel_Frequently,10,2625,20,1,No,0,4,1,2,3,3,1,0,2,2,2,2,2,2
1280,46,No,0,Sales,Manager,5,2,Marketing,Female,Married,Travel_Rarely,4,18789,14,2,No,0,3,4,2,2,3,3,1,26,2,11,4,0,8
1281,34,No,0,Sales,Sales Executive,2,3,Marketing,Female,Single,Travel_Rarely,2,4538,12,0,Yes,1,3,3,3,1,4,3,0,4,3,3,2,0,2
1282,51,No,0,Sales,Manager,5,3,Life Sciences,Male,Divorced,Travel_Frequently,9,19847,24,4,Yes,1,4,4,3,2,1,2,1,31,5,29,10,11,10
1283,59,No,0,Research & Development,Manufacturing Director,3,4,Medical,Male,Single,Travel_Rarely,18,10512,12,6,No,0,3,4,3,4,4,2,0,25,6,9,7,5,4
1285,34,No,0,Research & Development,Laboratory Technician,2,3,Medical,Female,Divorced,Travel_Frequently,19,4444,13,4,No,0,3,3,3,2,3,4,2,15,2,11,8,5,10
1286,28,No,0,Research & Development,Laboratory Technician,1,4,Medical,Male,Single,Travel_Frequently,1,2154,11,0,Yes,1,3,4,3,3,3,2,0,5,2,4,2,0,2
1288,44,No,0,Research & Development,Manager,5,2,Life Sciences,Male,Divorced,Travel_Rarely,4,19190,14,1,No,0,3,3,4,1,4,2,2,26,4,25,9,14,13
1289,34,No,0,Human Resources,Human Resources,2,3,Life Sciences,Male,Married,Travel_Frequently,11,4490,11,4,No,0,3,3,2,2,4,4,2,14,5,10,9,1,8
1291,35,No,0,Research & Development,Research Scientist,1,1,Life Sciences,Male,Married,Travel_Rarely,6,3506,14,0,Yes,1,3,3,3,3,4,3,0,4,3,3,2,2,2
1292,42,No,0,Research & Development,Research Scientist,2,4,Medical,Female,Married,Travel_Rarely,7,2372,16,6,Yes,1,3,2,4,2,4,3,0,18,2,1,0,0,0
1293,43,No,0,Sales,Sales Executive,3,4,Marketing,Female,Single,Travel_Rarely,4,10231,14,3,No,0,3,4,2,4,4,4,0,23,3,21,7,15,17
1294,36,No,0,Research & Development,Manufacturing Director,2,4,Life Sciences,Female,Single,Travel_Rarely,2,5410,11,9,Yes,1,3,3,3,2,4,3,0,18,2,16,14,5,12
1295,44,Yes,1,Research & Development,Healthcare Representative,3,3,Medical,Female,Married,Travel_Rarely,15,7978,11,1,No,0,3,1,3,4,4,3,1,10,2,10,7,0,5
1296,28,No,0,Research & Development,Laboratory Technician,1,3,Life Sciences,Male,Married,Travel_Frequently,2,3867,12,1,Yes,1,3,4,2,4,2,3,1,2,2,2,2,2,2
1297,51,No,0,Research & Development,Laboratory Technician,1,2,Medical,Female,Single,Travel_Frequently,6,2838,14,0,No,0,3,2,2,3,2,2,0,8,6,7,0,7,7
1298,30,No,0,Research & Development,Manufacturing Director,2,2,Medical,Female,Single,Non-Travel,9,4695,18,7,Yes,1,3,3,3,3,3,3,0,10,3,8,4,1,7
1299,29,Yes,1,Research & Development,Laboratory Technician,1,3,Technical Degree,Female,Divorced,Travel_Rarely,7,3339,13,3,Yes,1,3,2,3,3,1,3,2,10,2,7,7,7,7
1301,28,No,0,Research & Development,Research Scientist,1,3,Technical Degree,Male,Single,Travel_Rarely,1,2080,11,2,No,0,3,4,3,1,2,2,0,5,2,3,2,1,2
1303,25,No,0,Research & Development,Research Scientist,1,3,Medical,Female,Single,Travel_Rarely,1,2096,18,1,No,0,3,4,3,2,4,2,0,2,3,2,2,2,1
1304,32,No,0,Sales,Sales Executive,2,3,Medical,Male,Married,Travel_Rarely,8,6209,15,1,No,0,3,3,4,4,3,4,2,10,4,10,7,0,8
1306,45,No,0,Research & Development,Manager,5,3,Medical,Female,Single,Travel_Frequently,25,18061,22,3,No,0,4,2,3,2,3,3,0,22,4,0,0,0,0
1307,39,No,0,Research & Development,Manager,4,4,Medical,Female,Divorced,Travel_Rarely,13,17123,13,6,Yes,1,3,3,2,2,4,3,2,21,4,19,9,15,2
1308,58,No,0,Research & Development,Research Scientist,1,4,Life Sciences,Male,Divorced,Travel_Rarely,23,2372,12,1,No,0,3,1,3,3,4,3,2,2,3,2,2,2,2
1309,32,Yes,1,Research & Development,Laboratory Technician,2,2,Life Sciences,Male,Married,Travel_Rarely,7,4883,18,1,No,0,3,4,3,3,1,3,1,10,3,10,4,1,1
1310,39,Yes,1,Research & Development,Research Scientist,1,3,Medical,Male,Single,Travel_Rarely,23,3904,13,0,No,0,3,3,3,1,1,3,0,6,2,5,2,0,3
1311,30,No,0,Research & Development,Laboratory Technician,2,3,Technical Degree,Female,Married,Travel_Rarely,6,4627,12,0,No,0,3,1,2,4,1,3,1,10,6,9,2,6,7
1312,36,No,0,Research & Development,Healthcare Representative,3,4,Technical Degree,Female,Married,Travel_Rarely,10,7094,12,3,No,0,3,4,3,3,1,3,0,10,0,7,7,1,7
1314,46,No,0,Human Resources,Human Resources,1,2,Life Sciences,Female,Single,Travel_Rarely,1,3423,12,6,No,0,3,4,3,1,3,4,0,10,3,7,6,5,7
1315,28,No,0,Research & Development,Laboratory Technician,2,3,Life Sciences,Female,Married,Non-Travel,1,6674,11,0,No,0,3,3,1,4,1,3,3,10,6,9,8,7,5
1317,50,No,0,Research & Development,Research Director,4,3,Life Sciences,Female,Married,Travel_Rarely,28,16880,11,4,Yes,1,3,4,3,1,2,3,0,25,2,3,2,1,2
1318,40,Yes,1,Sales,Sales Executive,3,4,Marketing,Male,Single,Travel_Rarely,25,9094,12,2,Yes,1,3,4,2,2,3,3,0,9,2,5,4,1,0
1319,52,Yes,1,Sales,Sales Executive,3,3,Life Sciences,Male,Single,Travel_Rarely,5,8446,19,9,Yes,1,3,2,3,2,3,2,0,10,2,8,7,7,7
1321,30,No,0,Research & Development,Manager,3,4,Medical,Female,Married,Travel_Rarely,17,11916,23,1,Yes,1,4,2,3,1,4,3,2,9,2,9,1,0,8
1322,39,No,0,Research & Development,Manufacturing Director,2,2,Life Sciences,Male,Single,Travel_Rarely,18,4534,11,0,No,0,3,1,3,3,1,3,0,9,6,8,7,1,7
1324,31,No,0,Sales,Sales Executive,3,4,Life Sciences,Female,Divorced,Non-Travel,2,9852,19,1,Yes,1,3,4,3,3,1,2,1,10,5,10,8,9,6
1329,41,No,0,Sales,Sales Executive,2,2,Medical,Male,Single,Non-Travel,10,6151,13,1,No,0,3,3,1,2,1,3,0,19,4,19,2,11,9
1331,31,Yes,1,Sales,Sales Representative,1,3,Life Sciences,Female,Single,Travel_Frequently,1,2302,11,1,Yes,1,3,4,3,2,1,4,0,3,2,3,2,2,2
1333,44,Yes,1,Research & Development,Laboratory Technician,1,3,Life Sciences,Male,Married,Travel_Rarely,3,2362,12,4,No,0,3,1,3,1,3,4,0,10,4,3,2,1,2
1334,42,No,0,Research & Development,Manager,4,1,Life Sciences,Male,Married,Non-Travel,2,17861,13,0,Yes,1,3,3,3,3,4,2,0,21,3,20,8,2,10
1336,55,No,0,Research & Development,Manager,5,2,Medical,Female,Married,Travel_Rarely,2,19187,14,4,No,0,3,4,1,3,4,3,1,23,5,19,9,9,11
1338,56,No,0,Human Resources,Manager,5,4,Life Sciences,Male,Single,Travel_Rarely,8,19717,14,6,No,0,3,4,3,2,1,3,0,36,4,7,3,7,7
1340,40,No,0,Research & Development,Research Scientist,1,2,Life Sciences,Male,Divorced,Non-Travel,16,3544,16,9,No,0,3,3,3,3,2,3,1,6,0,4,2,0,0
1344,34,No,0,Research & Development,Healthcare Representative,3,3,Life Sciences,Male,Divorced,Travel_Rarely,9,8500,11,0,No,0,3,4,3,4,4,2,1,10,0,9,7,1,6
1346,40,No,0,Research & Development,Research Scientist,2,3,Life Sciences,Male,Single,Travel_Rarely,2,4661,13,1,No,0,3,3,3,4,3,3,0,9,4,9,8,8,8
1349,41,No,0,Sales,Sales Executive,2,3,Marketing,Female,Divorced,Travel_Frequently,1,4103,17,0,No,0,3,3,3,1,4,3,1,10,2,9,3,1,7
1350,35,No,0,Research & Development,Research Scientist,2,4,Life Sciences,Male,Single,Travel_Frequently,4,4249,11,1,Yes,1,3,3,3,3,2,3,0,9,3,9,6,1,1
1352,51,No,0,Human Resources,Manager,4,3,Life Sciences,Male,Divorced,Travel_Rarely,5,14026,11,1,Yes,1,3,3,3,2,2,3,1,33,2,33,9,0,10
1355,38,No,0,Sales,Sales Executive,2,2,Life Sciences,Female,Divorced,Travel_Rarely,2,6893,15,3,No,0,3,2,3,1,4,3,1,11,3,7,7,1,7
1356,34,No,0,Sales,Sales Executive,2,2,Medical,Female,Single,Travel_Rarely,15,6125,12,1,No,0,3,3,3,1,4,4,0,10,6,10,8,9,6
1358,25,No,0,Research & Development,Laboratory Technician,1,1,Medical,Male,Married,Travel_Rarely,19,3669,11,3,No,0,3,4,3,4,3,2,3,7,6,3,2,1,2
1360,58,Yes,1,Research & Development,Manufacturing Director,3,4,Medical,Female,Married,Travel_Rarely,7,10008,14,7,Yes,1,3,3,2,1,4,2,0,31,0,10,9,5,9
1361,40,No,0,Research & Development,Laboratory Technician,1,4,Life Sciences,Male,Married,Travel_Rarely,1,2387,22,3,No,0,4,2,3,2,3,3,1,7,3,4,2,0,3
1362,36,No,0,Sales,Sales Executive,2,3,Marketing,Female,Married,Travel_Frequently,7,4639,16,2,No,0,3,1,4,1,4,2,1,17,2,15,7,6,13
1363,48,No,0,Research & Development,Manufacturing Director,3,3,Life Sciences,Male,Single,Travel_Rarely,4,7898,11,1,No,0,3,4,3,4,3,3,0,11,2,10,9,0,8
1364,27,No,0,Sales,Sales Representative,1,3,Medical,Female,Married,Travel_Rarely,11,2534,14,8,No,0,3,3,4,4,2,3,1,5,4,1,0,0,0
1367,51,No,0,Research & Development,Manufacturing Director,4,2,Technical Degree,Female,Single,Travel_Rarely,11,13142,16,3,No,0,3,4,2,2,2,2,0,29,1,5,2,0,3
1368,18,No,0,Research & Development,Laboratory Technician,1,3,Life Sciences,Female,Single,Non-Travel,1,1611,15,1,No,0,3,4,3,4,3,4,0,0,5,0,0,0,0
1369,35,No,0,Research & Development,Laboratory Technician,2,3,Medical,Female,Married,Travel_Rarely,1,5363,12,0,No,0,3,4,2,4,2,3,1,10,0,9,7,0,0
1371,27,No,0,Sales,Sales Executive,2,1,Life Sciences,Male,Single,Travel_Frequently,2,5071,20,3,No,0,4,4,1,4,2,3,0,8,3,6,2,0,0
1372,55,Yes,1,Sales,Sales Executive,4,4,Marketing,Male,Single,Travel_Rarely,13,13695,17,6,Yes,1,3,1,4,3,3,2,0,24,2,19,7,3,8
1373,56,No,0,Research & Development,Manufacturing Director,4,3,Life Sciences,Male,Married,Travel_Rarely,23,13402,12,4,Yes,1,3,4,3,2,1,3,1,33,0,19,16,15,9
1374,34,No,0,Research & Development,Research Scientist,1,1,Technical Degree,Female,Divorced,Non-Travel,26,2029,20,1,No,0,4,1,2,3,3,3,3,5,2,5,4,0,0
1375,40,No,0,Research & Development,Healthcare Representative,2,1,Medical,Female,Divorced,Travel_Rarely,2,6377,20,5,No,0,4,2,4,3,2,3,3,15,0,12,11,11,8
1377,34,No,0,Research & Development,Laboratory Technician,2,3,Medical,Male,Married,Travel_Rarely,29,5429,13,4,No,0,3,2,3,3,1,3,2,10,1,8,7,7,7
1379,31,Yes,1,Sales,Sales Representative,1,3,Life Sciences,Female,Single,Travel_Frequently,2,2785,14,7,No,0,3,3,2,4,3,4,0,3,3,1,0,0,0
1380,35,Yes,1,Sales,Sales Executive,2,4,Marketing,Female,Married,Travel_Frequently,18,4614,18,0,Yes,1,3,4,3,3,3,2,1,5,0,4,2,3,2
1382,38,No,0,Research & Development,Research Scientist,1,3,Life Sciences,Male,Divorced,Travel_Frequently,7,2610,11,1,No,0,3,4,4,3,4,3,3,4,2,4,2,0,3
1383,34,No,0,Research & Development,Healthcare Representative,2,4,Technical Degree,Female,Single,Travel_Rarely,2,6687,11,1,No,0,3,3,3,4,4,4,0,14,2,14,11,4,11
1387,28,No,0,Sales,Sales Executive,2,3,Life Sciences,Male,Married,Travel_Rarely,26,4724,11,1,No,0,3,3,2,1,3,3,1,5,0,5,3,0,4
1389,31,Yes,1,Research & Development,Manufacturing Director,2,4,Medical,Male,Married,Travel_Rarely,22,6179,15,1,Yes,1,3,4,3,3,4,2,2,10,3,10,2,6,7
1390,39,No,0,Sales,Sales Executive,2,4,Life Sciences,Male,Married,Travel_Rarely,21,6120,12,3,Yes,1,3,1,2,4,4,4,2,8,2,5,4,1,4
1391,51,No,0,Sales,Sales Executive,3,3,Marketing,Male,Married,Travel_Frequently,2,10596,11,2,No,0,3,2,3,2,2,3,0,14,5,4,2,3,2
1392,41,No,0,Research & Development,Research Scientist,2,3,Life Sciences,Female,Divorced,Travel_Frequently,22,5467,14,3,Yes,1,3,4,3,4,1,2,2,12,4,6,2,3,3
1394,37,No,0,Research & Development,Research Scientist,1,1,Life Sciences,Male,Married,Travel_Rarely,4,2996,15,7,Yes,1,3,3,3,3,4,3,0,8,2,6,4,1,3
1395,33,No,0,Sales,Sales Executive,2,1,Life Sciences,Male,Married,Travel_Frequently,5,9998,13,6,No,0,3,2,3,4,1,4,0,8,2,5,4,1,2
1396,32,No,0,Sales,Sales Executive,2,1,Marketing,Male,Married,Travel_Rarely,2,4078,13,0,Yes,1,3,3,3,2,1,2,3,4,3,3,2,1,2
1397,39,No,0,Research & Development,Healthcare Representative,3,2,Life Sciences,Male,Married,Non-Travel,25,10920,21,3,No,0,4,3,3,3,2,3,1,13,2,6,4,0,5
1399,25,No,0,Sales,Sales Executive,2,1,Life Sciences,Male,Married,Travel_Rarely,18,6232,11,2,No,0,3,1,4,3,2,2,0,6,3,3,2,1,2
1401,52,No,0,Research & Development,Manufacturing Director,4,2,Medical,Female,Married,Travel_Frequently,28,13247,11,2,Yes,1,3,4,4,3,2,2,1,24,3,5,3,0,2
1402,43,No,0,Research & Development,Research Scientist,2,3,Medical,Female,Single,Travel_Rarely,6,4081,14,1,Yes,1,3,1,2,3,1,1,0,20,3,20,7,1,8
1403,27,No,0,Sales,Sales Executive,2,3,Marketing,Female,Married,Travel_Rarely,10,5769,11,1,Yes,1,3,4,2,4,4,3,0,6,3,6,2,4,4
1405,27,Yes,1,Research & Development,Research Scientist,1,4,Life Sciences,Female,Single,Travel_Rarely,17,2394,13,1,Yes,1,3,4,3,3,4,3,0,8,2,8,2,7,7
1407,26,No,0,Research & Development,Research Scientist,1,1,Medical,Male,Single,Travel_Rarely,2,3904,12,0,No,0,3,1,2,4,4,3,0,5,2,4,3,1,1
1408,42,No,0,Human Resources,Manager,4,3,Human Resources,Female,Married,Travel_Rarely,10,16799,14,0,No,0,3,3,3,1,3,3,1,21,5,20,7,0,9
1409,52,No,0,Research & Development,Laboratory Technician,1,4,Other,Female,Married,Travel_Rarely,8,2950,13,9,No,0,3,3,3,1,3,1,0,12,2,5,4,0,4
1411,37,No,0,Research & Development,Laboratory Technician,1,3,Medical,Female,Single,Travel_Rarely,11,3629,18,4,No,0,3,1,3,3,1,3,0,8,6,3,2,0,2
1412,35,No,0,Research & Development,Manufacturing Director,3,2,Life Sciences,Male,Single,Travel_Frequently,18,9362,11,2,No,0,3,3,3,4,3,3,0,10,2,2,2,2,2
1415,25,No,0,Research & Development,Laboratory Technician,1,3,Technical Degree,Male,Married,Travel_Rarely,1,3229,11,4,No,0,3,1,3,4,2,2,1,7,2,3,2,0,2
1417,26,No,0,Research & Development,Laboratory Technician,1,3,Other,Male,Single,Travel_Rarely,7,3578,12,0,No,0,3,3,4,1,4,3,0,8,2,7,7,0,7
1419,29,No,0,Human Resources,Human Resources,3,3,Other,Male,Single,Travel_Rarely,17,7988,13,1,No,0,3,2,2,1,1,2,0,10,3,10,9,0,9
1420,49,Yes,1,Research & Development,Laboratory Technician,2,2,Life Sciences,Male,Single,Travel_Frequently,28,4284,20,3,No,0,4,1,2,1,1,3,0,20,2,4,3,1,3
1421,29,Yes,1,Research & Development,Healthcare Representative,3,1,Other,Female,Single,Travel_Frequently,14,7553,12,0,Yes,1,3,3,3,4,1,3,0,9,1,8,7,7,7
1422,54,No,0,Research & Development,Research Director,4,3,Medical,Female,Single,Travel_Rarely,1,17328,19,6,No,0,3,4,3,4,4,2,0,29,3,20,7,12,7
1423,58,No,0,Research & Development,Research Director,5,3,Medical,Female,Married,Travel_Rarely,1,19701,21,3,Yes,1,4,4,3,1,3,3,1,32,3,9,8,1,5
1424,55,No,0,Research & Development,Research Director,4,4,Medical,Male,Divorced,Travel_Rarely,1,14732,13,2,No,0,3,2,4,4,4,4,2,31,4,7,7,0,0
1425,36,No,0,Sales,Sales Executive,2,4,Marketing,Female,Single,Travel_Rarely,3,9278,16,3,Yes,1,3,1,3,2,4,3,0,15,3,5,4,0,1
1427,31,Yes,1,Sales,Sales Representative,1,4,Life Sciences,Female,Single,Travel_Frequently,1,1359,12,1,No,0,3,2,1,3,2,3,0,1,3,1,0,0,0
1428,30,No,0,Sales,Sales Executive,2,4,Marketing,Female,Divorced,Travel_Rarely,7,4779,14,7,No,0,3,4,3,1,2,3,2,8,3,3,2,0,2
1430,31,No,0,Research & Development,Research Director,4,5,Life Sciences,Female,Single,Travel_Rarely,8,16422,11,3,No,0,3,1,3,2,3,4,0,9,3,3,2,1,0
1431,34,No,0,Research & Development,Research Scientist,1,4,Other,Male,Divorced,Travel_Frequently,1,2996,14,5,No,0,3,4,3,1,3,3,2,10,2,4,3,1,3
1433,31,Yes,1,Research & Development,Research Scientist,1,3,Life Sciences,Female,Single,Travel_Rarely,8,1261,12,1,No,0,3,1,2,2,3,4,0,1,3,1,0,0,0
1434,27,No,0,Research & Development,Laboratory Technician,1,1,Life Sciences,Male,Married,Travel_Rarely,11,2099,14,0,No,0,3,2,3,1,2,4,0,6,3,5,0,1,4
1435,36,No,0,Research & Development,Laboratory Technician,2,4,Life Sciences,Male,Single,Travel_Rarely,4,5810,16,1,No,0,3,1,2,4,3,2,0,10,2,10,4,1,8
1436,36,No,0,Sales,Sales Executive,2,4,Marketing,Female,Married,Travel_Rarely,16,5647,13,4,No,0,3,3,2,1,1,2,2,11,3,3,2,0,2
1438,47,No,0,Research & Development,Research Scientist,1,3,Technical Degree,Male,Married,Travel_Rarely,1,3420,12,7,No,0,3,1,3,4,3,2,1,17,2,6,5,1,2
1439,25,Yes,1,Sales,Sales Representative,1,2,Life Sciences,Male,Married,Travel_Rarely,9,4400,12,3,No,0,3,1,2,1,1,3,0,6,2,3,2,2,2
1440,37,No,0,Research & Development,Laboratory Technician,1,2,Technical Degree,Male,Single,Non-Travel,5,3500,14,0,No,0,3,3,4,3,1,1,0,7,2,6,5,1,3
1441,56,No,0,Research & Development,Research Scientist,1,2,Life Sciences,Female,Married,Travel_Rarely,1,2066,22,2,No,0,4,1,3,1,4,4,1,5,3,3,2,1,0
1443,47,No,0,Research & Development,Research Director,4,4,Medical,Female,Married,Travel_Rarely,2,17169,19,3,No,0,3,1,3,3,2,4,2,26,2,20,17,5,6
1445,24,No,0,Sales,Sales Executive,2,1,Medical,Female,Married,Travel_Rarely,4,4162,12,1,Yes,1,3,4,3,3,3,3,2,5,3,5,4,0,3
1446,32,No,0,Sales,Sales Executive,2,5,Marketing,Male,Married,Travel_Rarely,7,9204,12,4,No,0,3,4,3,4,3,2,1,7,3,4,3,0,3
1447,34,No,0,Research & Development,Laboratory Technician,1,3,Life Sciences,Female,Married,Travel_Rarely,1,3294,17,5,No,0,3,4,2,2,1,2,1,7,2,5,4,0,2
1448,41,No,0,Research & Development,Research Scientist,1,5,Medical,Male,Married,Travel_Rarely,5,2127,12,2,Yes,1,3,2,4,3,1,2,0,7,5,4,2,0,3
1449,40,No,0,Research & Development,Laboratory Technician,2,4,Other,Male,Divorced,Non-Travel,9,3975,11,3,No,0,3,3,3,3,3,4,2,11,2,8,7,0,7
1453,31,No,0,Sales,Sales Executive,3,2,Life Sciences,Male,Divorced,Travel_Rarely,8,10793,18,1,No,0,3,1,3,4,1,3,1,13,5,13,7,9,9
1457,46,Yes,1,Sales,Sales Executive,3,3,Marketing,Male,Divorced,Travel_Rarely,9,10096,11,4,No,0,3,1,3,4,1,4,1,28,1,7,7,4,3
1458,39,Yes,1,Research & Development,Laboratory Technician,1,3,Life Sciences,Female,Single,Non-Travel,2,3646,23,2,Yes,1,4,1,2,1,2,4,0,11,2,1,0,0,0
1459,31,Yes,1,Research & Development,Manufacturing Director,3,5,Life Sciences,Female,Single,Travel_Frequently,1,7446,11,1,No,0,3,3,4,2,1,3,0,10,2,10,8,4,7
1460,45,No,0,Research & Development,Healthcare Representative,3,3,Medical,Male,Divorced,Travel_Rarely,20,10851,18,2,Yes,1,3,2,1,1,2,3,1,24,2,7,7,0,7
1461,31,No,0,Human Resources,Human Resources,1,2,Medical,Female,Single,Travel_Rarely,8,2109,18,9,No,0,3,4,4,2,4,3,0,8,3,3,2,0,2
1464,31,Yes,1,Research & Development,Laboratory Technician,1,3,Life Sciences,Male,Married,Travel_Frequently,2,3722,13,6,Yes,1,3,2,3,4,3,1,1,7,2,2,2,2,2
1465,45,No,0,Research & Development,Manufacturing Director,3,3,Technical Degree,Male,Married,Travel_Rarely,29,9380,18,4,Yes,1,3,2,3,4,4,4,2,10,4,3,1,1,2
1466,48,No,0,Sales,Sales Executive,2,3,Marketing,Male,Divorced,Travel_Rarely,7,5486,11,4,No,0,3,3,3,1,1,3,3,15,3,2,2,2,2
1467,34,Yes,1,Human Resources,Human Resources,1,4,Technical Degree,Female,Married,Travel_Rarely,9,2742,15,1,No,0,3,1,3,3,4,3,0,2,0,2,2,2,2
1468,40,No,0,Research & Development,Research Director,3,1,Medical,Male,Divorced,Non-Travel,8,13757,11,2,No,0,3,4,2,2,3,3,1,16,5,9,8,4,8
1469,28,No,0,Sales,Sales Executive,2,3,Medical,Male,Single,Travel_Rarely,5,8463,18,0,No,0,3,4,3,1,4,3,0,6,4,5,4,1,3
1471,44,No,0,Research & Development,Laboratory Technician,1,3,Life Sciences,Male,Single,Non-Travel,5,3162,14,3,No,0,3,3,2,3,4,3,0,7,5,5,2,0,3
1472,53,No,0,Research & Development,Research Director,4,3,Medical,Male,Single,Travel_Rarely,2,16598,12,4,No,0,3,4,4,2,2,2,0,35,2,9,8,8,8
1473,49,No,0,Research & Development,Healthcare Representative,2,4,Technical Degree,Male,Married,Travel_Rarely,5,6651,14,2,No,0,3,1,3,3,2,2,1,20,0,3,2,1,2
1474,40,No,0,Research & Development,Research Scientist,1,3,Medical,Male,Divorced,Travel_Rarely,2,2345,14,2,No,0,3,3,3,3,3,4,1,8,3,3,1,1,2
1475,44,No,0,Research & Development,Research Scientist,1,3,Life Sciences,Male,Single,Travel_Rarely,20,3420,13,1,No,0,3,4,3,2,3,2,0,6,3,5,2,1,3
1477,33,No,0,Sales,Sales Executive,2,3,Medical,Male,Married,Travel_Frequently,7,4373,14,0,No,0,3,4,3,1,1,3,2,5,2,4,3,0,3
1478,34,No,0,Sales,Sales Executive,2,3,Other,Male,Single,Travel_Rarely,3,4759,18,3,No,0,3,4,1,1,4,3,0,15,2,13,9,3,12
1479,30,No,0,Sales,Sales Executive,2,1,Life Sciences,Male,Married,Travel_Rarely,16,5301,15,8,No,0,3,4,3,3,3,2,2,4,2,2,1,2,2
1480,42,No,0,Research & Development,Laboratory Technician,1,2,Medical,Female,Single,Travel_Frequently,9,3673,13,1,No,0,3,1,3,4,3,3,0,12,3,12,9,5,8
1481,44,No,0,Sales,Sales Executive,2,5,Marketing,Female,Married,Travel_Frequently,1,4768,12,7,No,0,3,1,3,3,3,2,1,11,4,1,0,0,0
1482,30,No,0,Research & Development,Research Scientist,1,3,Technical Degree,Male,Divorced,Non-Travel,7,1274,13,1,No,0,3,3,3,3,2,2,2,1,2,1,0,0,0
1483,57,No,0,Research & Development,Research Scientist,2,2,Life Sciences,Male,Married,Travel_Rarely,1,4900,24,0,No,0,4,2,4,3,1,2,1,13,2,12,9,2,8
1484,49,No,0,Research & Development,Healthcare Representative,3,4,Life Sciences,Male,Divorced,Travel_Rarely,7,10466,14,3,No,0,3,3,3,2,2,3,2,29,3,8,7,0,7
1485,34,No,0,Research & Development,Research Director,4,3,Medical,Male,Divorced,Travel_Frequently,15,17007,14,7,No,0,3,2,3,1,4,2,2,16,3,14,8,6,9
1486,28,Yes,1,Sales,Sales Representative,1,3,Technical Degree,Male,Married,Travel_Frequently,1,2909,15,3,No,0,3,1,3,3,4,4,1,5,3,3,2,1,2
1487,29,Yes,1,Sales,Sales Executive,2,3,Technical Degree,Female,Single,Travel_Frequently,13,5765,11,5,No,0,3,1,3,2,1,1,0,7,4,5,3,0,0
1489,34,Yes,1,Sales,Sales Executive,2,4,Medical,Female,Single,Travel_Rarely,24,4599,23,0,Yes,1,4,1,2,2,3,4,0,16,2,15,9,10,10
1492,35,No,0,Sales,Sales Representative,1,1,Life Sciences,Male,Married,Travel_Rarely,7,2404,13,1,No,0,3,4,3,3,1,3,1,1,3,1,0,0,0
1494,24,Yes,1,Research & Development,Laboratory Technician,1,3,Medical,Male,Single,Travel_Frequently,9,3172,11,2,Yes,1,3,2,3,1,3,2,0,4,2,0,0,0,0
1495,24,No,0,Sales,Sales Representative,1,2,Life Sciences,Female,Married,Non-Travel,13,2033,13,1,No,0,3,4,3,2,3,3,1,1,2,1,0,0,0
1496,44,No,0,Research & Development,Manufacturing Director,3,1,Medical,Male,Single,Travel_Frequently,2,10209,18,5,Yes,1,3,2,3,3,2,2,0,16,2,2,2,2,2
1497,29,No,0,Sales,Sales Executive,2,3,Life Sciences,Male,Divorced,Travel_Rarely,19,8620,14,1,No,0,3,3,2,3,3,3,2,10,3,10,7,0,4
1499,30,No,0,Human Resources,Human Resources,1,3,Life Sciences,Male,Divorced,Travel_Rarely,1,2064,21,0,No,0,4,3,3,3,1,4,1,6,3,5,3,1,3
1501,55,No,0,Research & Development,Healthcare Representative,2,4,Life Sciences,Male,Married,Travel_Rarely,4,4035,16,0,Yes,1,3,4,3,3,2,3,0,4,2,3,2,1,2
1502,33,No,0,Research & Development,Laboratory Technician,1,4,Medical,Female,Married,Travel_Rarely,4,3838,11,8,No,0,3,1,2,2,4,3,0,8,5,5,4,0,2
1503,47,No,0,Sales,Sales Executive,2,3,Medical,Female,Married,Travel_Rarely,14,4591,17,3,Yes,1,3,3,3,3,3,2,1,11,4,5,4,1,2
1504,28,Yes,1,Research & Development,Laboratory Technician,1,2,Medical,Male,Single,Travel_Frequently,2,2561,11,7,No,0,3,3,2,1,3,2,0,8,2,0,0,0,0
1506,28,No,0,Research & Development,Research Scientist,1,3,Life Sciences,Male,Divorced,Travel_Rarely,1,1563,14,1,No,0,3,1,2,3,4,1,1,1,2,1,0,0,0
1507,28,No,0,Sales,Sales Executive,2,3,Life Sciences,Male,Single,Travel_Frequently,7,4898,14,0,No,0,3,3,3,1,4,3,0,5,5,4,2,1,3
1509,49,No,0,Research & Development,Laboratory Technician,2,2,Medical,Female,Married,Travel_Rarely,3,4789,25,4,No,0,4,3,2,1,1,3,1,10,3,3,2,1,2
1513,29,No,0,Research & Development,Laboratory Technician,1,1,Life Sciences,Female,Married,Travel_Frequently,2,3180,13,0,No,0,3,4,3,2,3,3,3,4,3,3,2,0,2
1514,28,No,0,Research & Development,Manufacturing Director,2,1,Life Sciences,Male,Married,Travel_Rarely,29,6549,14,1,No,0,3,3,1,2,2,2,2,8,2,8,6,1,7
1515,33,No,0,Research & Development,Healthcare Representative,2,5,Life Sciences,Male,Single,Travel_Rarely,8,6388,17,2,Yes,1,3,4,3,3,1,3,0,14,6,0,0,0,0
1516,32,No,0,Research & Development,Manager,3,3,Medical,Male,Single,Travel_Rarely,10,11244,25,2,No,0,4,3,3,4,2,4,0,10,5,5,2,0,0
1520,54,No,0,Research & Development,Manager,4,4,Medical,Female,Divorced,Travel_Frequently,11,16032,20,3,No,0,4,2,3,4,1,3,1,26,2,14,9,1,12
1522,29,Yes,1,Research & Development,Research Scientist,1,4,Technical Degree,Male,Single,Travel_Rarely,1,2362,13,6,No,0,3,1,2,1,3,1,0,11,2,9,7,0,7
1523,44,No,0,Research & Development,Research Director,4,3,Life Sciences,Male,Married,Travel_Rarely,28,16328,13,3,No,0,3,4,3,1,3,4,1,24,1,20,6,14,17
1525,39,No,0,Research & Development,Manufacturing Director,3,3,Life Sciences,Female,Single,Travel_Rarely,6,8376,18,4,No,0,3,2,3,2,4,3,0,9,3,2,0,2,2
1527,46,No,0,Sales,Manager,4,3,Life Sciences,Female,Married,Travel_Rarely,3,16606,12,8,No,0,3,3,3,2,4,4,1,23,2,13,12,5,1
1529,35,No,0,Research & Development,Healthcare Representative,3,3,Life Sciences,Female,Single,Travel_Rarely,16,8606,19,1,No,0,3,4,2,2,4,1,0,11,3,11,8,3,3
1533,23,No,0,Research & Development,Laboratory Technician,2,1,Life Sciences,Male,Single,Travel_Rarely,20,2272,14,0,No,0,3,1,3,3,2,3,0,5,2,4,3,1,2
1534,40,Yes,1,Research & Development,Laboratory Technician,1,4,Life Sciences,Male,Single,Travel_Rarely,9,2018,14,3,No,0,3,4,3,1,2,1,0,15,3,5,4,1,0
1535,34,No,0,Sales,Sales Executive,3,3,Technical Degree,Male,Married,Travel_Rarely,1,7083,14,1,Yes,1,3,4,2,3,4,3,0,10,3,10,9,8,6
1537,31,Yes,1,Research & Development,Research Scientist,1,3,Life Sciences,Female,Single,Travel_Frequently,3,4084,12,1,No,0,3,4,3,3,1,1,0,7,2,7,2,7,7
1539,50,No,0,Research & Development,Research Director,4,5,Medical,Male,Single,Travel_Frequently,22,14411,13,1,Yes,1,3,3,1,4,4,3,0,32,2,32,6,13,9
1541,34,No,0,Sales,Sales Representative,1,2,Technical Degree,Male,Married,Travel_Rarely,7,2308,25,0,Yes,1,4,2,3,3,2,3,1,12,4,11,10,5,7
1542,42,No,0,Research & Development,Laboratory Technician,1,3,Medical,Male,Married,Travel_Rarely,2,4841,14,4,No,0,3,3,2,2,2,3,1,4,3,1,0,0,0
1543,37,No,0,Research & Development,Research Scientist,2,3,Medical,Male,Married,Travel_Rarely,13,4285,17,1,No,0,3,1,3,4,1,3,0,10,2,10,8,3,7
1544,29,No,0,Research & Development,Healthcare Representative,2,1,Other,Female,Married,Travel_Rarely,8,9715,13,3,No,0,3,3,1,1,3,3,1,9,3,7,7,0,7
1545,33,No,0,Research & Development,Manufacturing Director,2,3,Life Sciences,Male,Single,Travel_Rarely,25,4320,13,1,No,0,3,4,2,2,4,3,0,5,2,5,3,0,2
1546,45,No,0,Research & Development,Research Scientist,1,3,Technical Degree,Male,Married,Travel_Rarely,28,2132,20,4,No,0,4,4,3,4,4,3,1,8,3,5,4,0,3
1547,42,No,0,Research & Development,Healthcare Representative,3,3,Life Sciences,Male,Married,Travel_Frequently,2,10124,14,2,Yes,1,3,4,3,4,3,1,1,24,3,20,8,13,9
1548,40,No,0,Sales,Sales Executive,2,2,Medical,Male,Married,Travel_Rarely,9,5473,12,0,No,0,3,1,3,1,4,4,0,9,5,8,4,7,1
1549,33,No,0,Research & Development,Laboratory Technician,2,4,Life Sciences,Male,Married,Travel_Rarely,28,5207,12,1,Yes,1,3,2,3,3,2,3,1,15,3,15,14,5,7
1550,40,No,0,Human Resources,Manager,4,2,Medical,Male,Single,Travel_Rarely,6,16437,21,1,Yes,1,4,3,3,4,4,3,0,21,2,21,7,7,7
1551,24,No,0,Research & Development,Laboratory Technician,1,2,Technical Degree,Male,Divorced,Travel_Rarely,21,2296,14,0,No,0,3,3,2,1,2,3,3,2,3,1,1,0,0
1552,40,No,0,Research & Development,Healthcare Representative,2,2,Life Sciences,Male,Divorced,Non-Travel,8,4069,18,3,Yes,1,3,4,3,4,3,3,0,8,2,2,2,2,2
1553,45,No,0,Research & Development,Healthcare Representative,3,4,Technical Degree,Male,Divorced,Travel_Rarely,1,7441,12,1,No,0,3,1,3,2,1,3,3,10,4,10,8,7,7
1554,35,No,0,Sales,Sales Representative,1,4,Life Sciences,Female,Married,Travel_Rarely,28,2430,23,0,No,0,4,2,2,3,1,3,2,6,5,5,3,4,2
1555,32,No,0,Research & Development,Research Scientist,2,2,Life Sciences,Female,Married,Travel_Rarely,5,5878,12,3,No,0,3,4,2,2,1,3,1,12,2,7,1,2,5
1556,36,No,0,Sales,Sales Representative,1,4,Life Sciences,Male,Single,Travel_Rarely,2,2644,21,3,Yes,1,4,3,3,4,4,2,0,7,3,3,2,1,2
1557,48,No,0,Sales,Sales Executive,2,4,Life Sciences,Female,Divorced,Travel_Rarely,16,6439,14,8,No,0,3,3,3,3,3,3,1,18,2,8,7,7,7
1558,29,No,0,Research & Development,Research Scientist,1,3,Life Sciences,Male,Married,Travel_Rarely,9,2451,18,6,No,0,3,3,4,3,1,2,2,5,2,1,0,0,0
1560,33,No,0,Sales,Sales Executive,2,4,Life Sciences,Male,Married,Travel_Rarely,8,6392,13,2,No,0,3,1,3,1,4,1,1,8,6,2,2,2,2
1562,30,Yes,1,Sales,Sales Executive,2,3,Life Sciences,Male,Married,Travel_Rarely,1,9714,11,1,No,0,3,2,2,1,4,3,1,10,4,10,8,6,7
1563,38,No,0,Human Resources,Human Resources,2,4,Human Resources,Male,Married,Travel_Frequently,10,6077,11,3,No,0,3,3,3,3,3,3,0,10,2,6,3,1,2
1564,35,No,0,Research & Development,Laboratory Technician,1,3,Medical,Male,Single,Travel_Rarely,1,2450,19,1,No,0,3,4,2,1,2,3,0,3,3,3,0,1,2
1568,30,No,0,Sales,Sales Executive,3,4,Technical Degree,Male,Married,Travel_Rarely,29,9250,12,3,No,0,3,3,3,2,2,3,1,9,3,4,2,1,3
1569,35,Yes,1,Research & Development,Laboratory Technician,1,3,Life Sciences,Female,Divorced,Travel_Rarely,2,2074,12,1,Yes,1,3,1,3,1,4,3,1,1,2,1,0,0,0
1572,53,Yes,1,Research & Development,Manufacturing Director,3,5,Technical Degree,Female,Married,Travel_Rarely,2,10169,16,0,No,0,3,3,2,4,2,3,1,34,4,33,7,1,9
1573,38,Yes,1,Research & Development,Manufacturing Director,2,3,Medical,Male,Married,Travel_Rarely,2,4855,11,4,No,0,3,3,3,2,1,3,2,7,2,5,2,1,4
1574,32,No,0,Research & Development,Research Scientist,2,4,Technical Degree,Male,Married,Non-Travel,1,4087,14,4,No,0,3,4,3,1,2,2,1,9,3,6,5,1,2
1576,48,No,0,Research & Development,Research Scientist,1,4,Other,Female,Married,Travel_Rarely,15,2367,12,8,No,0,3,3,3,1,4,2,1,10,3,8,2,7,6
1577,34,No,0,Research & Development,Research Scientist,1,4,Medical,Male,Single,Travel_Rarely,7,2972,13,1,No,0,3,1,3,4,3,1,0,1,4,1,0,0,0
1578,55,No,0,Sales,Manager,5,5,Marketing,Male,Married,Travel_Rarely,26,19586,21,1,No,0,4,3,2,4,3,3,1,36,3,36,6,2,13
1580,34,No,0,Research & Development,Research Scientist,2,4,Life Sciences,Male,Married,Travel_Rarely,1,5484,17,9,No,0,3,2,3,4,2,2,1,9,3,2,2,2,1
1581,26,No,0,Research & Development,Research Scientist,1,3,Life Sciences,Female,Married,Travel_Rarely,3,2061,21,1,No,0,4,1,3,4,1,3,0,1,5,1,0,0,0
1582,38,No,0,Sales,Sales Executive,2,3,Life Sciences,Male,Married,Travel_Rarely,14,9924,11,0,No,0,3,3,3,2,4,3,1,10,3,9,8,7,7
1583,38,No,0,Sales,Sales Executive,2,3,Life Sciences,Female,Single,Travel_Rarely,16,4198,12,2,No,0,3,2,3,2,2,4,0,8,5,3,2,1,2
1585,36,No,0,Sales,Sales Executive,2,4,Life Sciences,Female,Single,Travel_Rarely,1,6815,13,6,No,0,3,2,3,3,1,3,0,15,5,1,0,0,0
1586,29,No,0,Research & Development,Laboratory Technician,1,1,Medical,Male,Single,Travel_Rarely,3,4723,18,1,Yes,1,3,2,3,1,4,3,0,10,3,10,9,1,5
1587,35,No,0,Research & Development,Healthcare Representative,2,4,Medical,Female,Single,Travel_Rarely,10,6142,16,3,Yes,1,3,1,3,3,3,3,0,10,4,5,2,0,4
1588,39,No,0,Sales,Sales Executive,3,3,Medical,Male,Married,Travel_Rarely,6,8237,11,2,No,0,3,4,4,3,1,3,1,11,3,7,6,7,6
1590,29,No,0,Research & Development,Healthcare Representative,2,1,Life Sciences,Male,Divorced,Travel_Frequently,2,8853,19,1,No,0,3,1,3,4,4,4,1,6,0,6,4,1,3
1591,50,No,0,Sales,Manager,5,3,Marketing,Male,Married,Travel_Rarely,9,19331,16,4,Yes,1,3,3,3,3,3,3,1,27,2,1,0,0,0
1592,23,No,0,Research & Development,Research Scientist,1,3,Technical Degree,Male,Married,Travel_Rarely,10,2073,16,2,No,0,3,4,4,3,4,3,1,4,2,2,2,2,2
1594,36,No,0,Research & Development,Laboratory Technician,2,4,Life Sciences,Male,Married,Travel_Frequently,6,5562,13,3,Yes,1,3,1,4,1,4,3,1,9,3,3,2,0,2
1595,42,No,0,Research & Development,Manager,5,2,Other,Male,Single,Travel_Rarely,9,19613,22,8,No,0,4,4,2,4,4,3,0,24,2,1,0,0,1
1596,35,No,0,Research & Development,Laboratory Technician,2,3,Life Sciences,Male,Married,Travel_Rarely,28,3407,17,1,No,0,3,2,4,3,4,2,2,10,3,10,9,6,8
1597,34,No,0,Research & Development,Healthcare Representative,2,4,Technical Degree,Male,Married,Travel_Frequently,10,5063,14,1,No,0,3,4,2,3,2,2,1,8,3,8,2,7,7
1598,40,No,0,Sales,Sales Executive,2,2,Life Sciences,Female,Married,Travel_Rarely,14,4639,15,1,No,0,3,4,3,1,3,3,1,5,2,5,4,1,2
1599,43,No,0,Research & Development,Laboratory Technician,1,3,Technical Degree,Male,Divorced,Travel_Rarely,27,4876,12,5,No,0,3,4,4,2,3,3,1,8,0,6,4,0,2
1601,35,No,0,Research & Development,Laboratory Technician,1,2,Life Sciences,Male,Married,Travel_Rarely,7,2690,18,1,No,0,3,3,2,4,4,2,1,1,5,1,0,0,1
1602,46,No,0,Sales,Manager,4,4,Life Sciences,Male,Single,Travel_Rarely,1,17567,15,1,No,0,3,4,4,1,2,1,0,27,5,26,0,0,12
1604,28,Yes,1,Research & Development,Laboratory Technician,1,3,Medical,Male,Married,Travel_Rarely,24,2408,17,1,Yes,1,3,3,3,2,3,3,3,1,3,1,1,0,0
1605,22,No,0,Research & Development,Research Scientist,1,2,Other,Female,Married,Non-Travel,26,2814,14,1,Yes,1,3,2,2,3,2,2,0,4,2,4,2,1,3
1606,50,No,0,Research & Development,Healthcare Representative,4,5,Medical,Male,Married,Travel_Frequently,20,11245,15,2,Yes,1,3,2,3,3,3,3,1,32,3,30,8,12,13
1607,32,No,0,Research & Development,Research Scientist,1,4,Other,Female,Married,Travel_Rarely,5,3312,17,3,No,0,3,2,4,4,4,3,2,6,3,3,2,0,2
1608,44,No,0,Research & Development,Research Director,5,3,Medical,Female,Divorced,Travel_Rarely,7,19049,14,0,Yes,1,3,2,3,4,4,2,1,23,4,22,7,1,10
1609,30,No,0,Research & Development,Research Scientist,1,3,Medical,Male,Married,Travel_Rarely,7,2141,12,1,No,0,3,2,2,2,2,2,1,6,3,6,4,1,1
1611,45,No,0,Research & Development,Laboratory Technician,2,5,Medical,Female,Single,Travel_Rarely,5,5769,14,1,Yes,1,3,3,1,1,1,3,0,10,3,10,7,1,4
1612,45,No,0,Sales,Sales Executive,2,3,Marketing,Male,Married,Non-Travel,26,4385,15,1,No,0,3,1,2,1,1,3,1,10,2,10,7,4,5
1613,31,No,0,Sales,Sales Executive,2,4,Other,Male,Single,Travel_Frequently,2,5332,13,7,No,0,3,4,3,1,4,3,0,10,3,5,2,0,3
1614,36,No,0,Research & Development,Manufacturing Director,2,4,Life Sciences,Female,Married,Travel_Rarely,12,4663,12,9,Yes,1,3,3,3,3,2,3,2,7,2,3,2,1,1
1615,34,No,0,Research & Development,Manufacturing Director,2,4,Life Sciences,Male,Divorced,Travel_Frequently,10,4724,13,1,No,0,3,3,4,4,1,3,1,9,3,9,7,7,2
1617,49,No,0,Research & Development,Laboratory Technician,1,4,Life Sciences,Female,Married,Travel_Rarely,25,3211,14,1,No,0,3,3,3,1,4,2,1,10,3,9,6,1,4
1618,39,No,0,Research & Development,Manufacturing Director,2,5,Medical,Male,Married,Travel_Rarely,10,5377,13,2,No,0,3,2,3,1,4,3,3,10,3,7,7,7,7
1619,27,No,0,Research & Development,Laboratory Technician,1,3,Other,Male,Divorced,Travel_Rarely,19,4066,11,1,No,0,3,4,2,1,1,3,2,7,3,7,7,0,7
1621,35,No,0,Research & Development,Research Scientist,2,5,Life Sciences,Male,Married,Travel_Rarely,18,5208,11,1,No,0,3,2,4,1,4,3,0,16,2,16,15,1,10
1622,28,No,0,Research & Development,Manufacturing Director,2,3,Medical,Female,Divorced,Travel_Rarely,27,4877,21,0,No,0,4,2,1,1,2,2,1,6,5,5,3,0,0
1623,21,No,0,Research & Development,Research Scientist,1,1,Medical,Male,Single,Travel_Rarely,5,3117,18,1,No,0,3,3,3,4,3,3,0,3,2,2,2,2,2
1624,18,Yes,1,Sales,Sales Representative,1,2,Medical,Female,Single,Travel_Frequently,3,1569,12,1,Yes,1,3,2,3,4,3,4,0,0,2,0,0,0,0
1625,47,No,0,Human Resources,Manager,5,4,Life Sciences,Female,Married,Travel_Rarely,26,19658,11,3,No,0,3,4,3,3,3,3,1,27,2,5,2,1,0
1627,39,No,0,Research & Development,Laboratory Technician,2,2,Medical,Male,Divorced,Travel_Rarely,3,3069,15,0,No,0,3,3,2,3,4,3,1,11,3,10,8,0,7
1628,40,No,0,Research & Development,Manufacturing Director,3,3,Life Sciences,Female,Married,Travel_Rarely,15,10435,13,1,No,0,3,1,2,3,4,3,2,18,2,18,15,14,12
1630,35,No,0,Research & Development,Healthcare Representative,2,4,Life Sciences,Female,Married,Non-Travel,8,4148,12,1,No,0,3,3,3,3,4,3,1,15,5,14,11,2,9
1631,37,No,0,Research & Development,Manufacturing Director,2,3,Life Sciences,Male,Married,Travel_Rarely,19,5768,17,3,No,0,3,3,3,3,1,2,3,9,2,4,3,0,2
1633,39,No,0,Research & Development,Manufacturing Director,2,3,Medical,Female,Single,Travel_Frequently,4,5042,13,0,No,0,3,1,3,3,4,1,0,10,2,9,2,3,8
1635,45,No,0,Research & Development,Manufacturing Director,2,2,Other,Female,Divorced,Travel_Rarely,2,5770,19,1,No,0,3,4,2,4,1,3,2,10,3,10,7,3,9
1638,38,No,0,Research & Development,Manufacturing Director,3,2,Medical,Female,Married,Travel_Rarely,2,7756,19,3,Yes,1,3,4,2,3,4,4,1,10,6,5,4,0,2
1639,35,Yes,1,Sales,Sales Executive,3,3,Medical,Male,Married,Travel_Rarely,10,10306,17,9,No,0,3,4,2,1,3,3,0,15,3,13,12,6,0
1640,37,No,0,Research & Development,Research Scientist,1,3,Medical,Female,Married,Travel_Rarely,10,3936,11,1,No,0,3,2,3,2,1,1,1,8,2,8,4,7,7
1641,40,No,0,Research & Development,Manufacturing Director,3,3,Life Sciences,Female,Single,Travel_Rarely,16,7945,15,6,Yes,1,3,3,3,4,4,2,0,18,2,4,2,3,3
1642,44,No,0,Human Resources,Human Resources,2,5,Human Resources,Male,Married,Travel_Frequently,1,5743,11,4,Yes,1,3,1,3,4,3,3,0,14,3,10,7,0,2
1644,48,No,0,Research & Development,Manager,4,5,Medical,Male,Married,Travel_Frequently,4,15202,25,2,No,0,4,3,2,4,2,3,1,23,3,2,2,2,2
1645,35,Yes,1,Sales,Sales Executive,2,2,Medical,Male,Divorced,Travel_Rarely,15,5440,14,6,Yes,1,3,1,1,4,4,2,2,7,2,2,2,2,2
1646,24,No,0,Research & Development,Research Scientist,1,1,Technical Degree,Female,Single,Travel_Frequently,2,3760,13,1,Yes,1,3,1,3,4,3,3,0,6,2,6,3,1,3
1647,27,No,0,Research & Development,Research Scientist,1,3,Medical,Female,Married,Travel_Rarely,8,3517,17,7,No,0,3,2,4,3,1,3,0,5,0,3,2,0,2
1648,27,No,0,Research & Development,Research Scientist,1,3,Medical,Male,Single,Travel_Frequently,2,2580,13,2,No,0,3,4,3,4,3,2,0,6,0,4,2,1,2
1649,40,Yes,1,Research & Development,Laboratory Technician,1,3,Life Sciences,Male,Single,Travel_Rarely,7,2166,14,3,Yes,1,3,1,3,1,2,1,0,10,3,4,2,0,3
1650,29,No,0,Sales,Sales Executive,2,3,Medical,Male,Single,Travel_Rarely,10,5869,11,9,No,0,3,3,2,3,3,3,0,8,2,5,2,1,4
1651,36,No,0,Research & Development,Healthcare Representative,3,4,Life Sciences,Female,Married,Travel_Rarely,5,8008,12,4,No,0,3,2,3,1,3,3,2,9,6,3,2,0,2
1653,25,No,0,Research & Development,Manufacturing Director,2,1,Life Sciences,Male,Divorced,Travel_Frequently,2,5206,17,1,No,0,3,4,4,3,3,3,2,7,6,7,7,0,7
1654,39,No,0,Research & Development,Manufacturing Director,2,3,Medical,Male,Married,Travel_Rarely,12,5295,21,4,No,0,4,4,3,2,3,3,0,7,3,5,4,1,0
1655,49,No,0,Research & Development,Research Director,4,4,Other,Female,Married,Travel_Rarely,22,16413,16,3,No,0,3,1,3,2,2,3,2,27,2,4,2,1,2
1656,50,No,0,Research & Development,Research Director,3,5,Life Sciences,Female,Divorced,Travel_Rarely,17,13269,15,5,No,0,3,4,2,1,3,3,3,19,3,14,11,1,11
1657,20,No,0,Sales,Sales Representative,1,3,Medical,Female,Single,Travel_Rarely,2,2783,19,1,No,0,3,3,3,3,1,3,0,2,3,2,2,2,2
1658,34,No,0,Research & Development,Research Scientist,2,3,Life Sciences,Female,Divorced,Travel_Rarely,3,5433,12,1,No,0,3,4,3,2,3,3,1,11,2,11,8,7,9
1659,36,No,0,Research & Development,Laboratory Technician,1,3,Life Sciences,Male,Single,Travel_Rarely,7,2013,11,2,No,0,3,1,3,2,3,3,0,15,4,4,3,1,3
1661,49,No,0,Research & Development,Healthcare Representative,4,1,Life Sciences,Female,Married,Travel_Rarely,6,13966,19,2,Yes,1,3,3,2,3,2,3,1,30,3,15,11,2,12
1662,36,No,0,Research & Development,Manufacturing Director,2,4,Medical,Female,Married,Non-Travel,1,4374,15,0,No,0,3,4,2,3,3,3,0,4,6,3,2,1,2
1664,36,No,0,Research & Development,Healthcare Representative,2,2,Life Sciences,Male,Divorced,Travel_Rarely,3,6842,20,6,No,0,4,4,4,1,1,3,1,13,3,5,4,0,4
1665,54,No,0,Research & Development,Manager,4,5,Medical,Female,Married,Travel_Rarely,22,17426,25,3,No,0,4,2,3,3,3,3,1,36,6,10,8,4,7
1666,43,No,0,Research & Development,Research Director,4,2,Life Sciences,Male,Married,Travel_Rarely,15,17603,24,1,No,0,4,3,2,3,1,3,1,14,3,14,10,6,11
1667,35,Yes,1,Sales,Sales Executive,2,4,Other,Male,Single,Travel_Frequently,12,4581,24,3,Yes,1,4,4,3,4,1,4,0,13,2,11,9,6,7
1668,38,No,0,Research & Development,Research Scientist,2,3,Life Sciences,Male,Married,Travel_Frequently,1,4735,15,7,No,0,3,4,3,4,4,4,2,19,4,13,11,2,9
1669,29,No,0,Sales,Sales Executive,2,3,Medical,Male,Divorced,Travel_Rarely,5,4187,13,1,Yes,1,3,1,2,2,2,2,1,10,3,10,0,0,9
1670,33,No,0,Sales,Sales Executive,2,4,Medical,Male,Divorced,Travel_Rarely,2,5505,14,1,No,0,3,4,3,4,3,3,2,6,5,6,2,0,4
1671,32,No,0,Research & Development,Research Scientist,2,3,Medical,Male,Divorced,Travel_Rarely,2,5470,13,0,No,0,3,4,3,2,3,2,2,10,4,9,5,1,6
1673,31,No,0,Sales,Sales Executive,2,4,Life Sciences,Female,Married,Travel_Rarely,5,5476,11,1,No,0,3,1,3,4,1,3,2,10,2,10,0,0,2
1674,49,No,0,Research & Development,Laboratory Technician,1,3,Medical,Female,Divorced,Travel_Rarely,16,2587,16,4,Yes,1,3,4,3,1,2,2,1,17,2,2,2,2,2
1675,38,No,0,Research & Development,Laboratory Technician,1,3,Medical,Female,Single,Travel_Frequently,2,2440,22,1,No,0,4,4,2,2,2,3,0,4,3,4,3,3,3
1676,47,No,0,Sales,Manager,4,4,Life Sciences,Female,Divorced,Travel_Rarely,2,15972,14,6,No,0,3,2,4,2,3,3,3,29,2,3,2,1,2
1677,49,No,0,Research & Development,Manager,4,3,Life Sciences,Male,Single,Travel_Rarely,1,15379,14,4,No,0,3,3,3,3,1,3,0,23,2,8,7,0,0
1678,41,No,0,Sales,Sales Executive,3,2,Life Sciences,Male,Single,Travel_Rarely,23,7082,16,3,Yes,1,3,4,3,3,4,3,0,21,2,2,0,0,2
1680,20,No,0,Sales,Sales Representative,1,1,Life Sciences,Male,Single,Travel_Rarely,9,2728,11,1,No,0,3,4,3,1,1,3,0,2,3,2,2,0,2
1681,33,No,0,Sales,Sales Executive,2,3,Life Sciences,Female,Divorced,Non-Travel,16,5368,25,1,Yes,1,4,3,3,4,3,3,1,7,2,6,5,1,2
1682,36,No,0,Research & Development,Healthcare Representative,2,4,Life Sciences,Male,Married,Travel_Rarely,26,5347,14,6,No,0,3,1,3,3,2,2,2,10,2,3,2,0,2
1683,44,No,0,Human Resources,Human Resources,1,3,Life Sciences,Female,Divorced,Travel_Rarely,1,3195,18,4,Yes,1,3,3,3,4,1,3,3,8,2,2,2,2,2
1684,23,Yes,1,Research & Development,Laboratory Technician,1,1,Medical,Male,Single,Travel_Rarely,8,3989,11,1,Yes,1,3,4,2,3,1,3,0,5,2,5,4,1,2
1687,38,No,0,Research & Development,Laboratory Technician,1,2,Medical,Female,Married,Travel_Rarely,4,3306,19,7,No,0,3,4,3,3,4,2,1,7,5,0,0,0,0
1689,53,No,0,Research & Development,Healthcare Representative,3,4,Medical,Male,Married,Travel_Rarely,24,7005,15,3,No,0,3,2,4,4,3,3,0,11,2,4,3,1,2
1691,48,Yes,1,Sales,Sales Representative,1,2,Medical,Female,Married,Travel_Frequently,7,2655,11,2,Yes,1,3,4,3,3,3,3,2,19,3,9,7,7,7
1692,32,Yes,1,Research & Development,Laboratory Technician,1,4,Life Sciences,Male,Single,Travel_Rarely,2,1393,12,1,No,0,3,4,3,2,1,3,0,1,2,1,0,0,0
1693,26,No,0,Research & Development,Laboratory Technician,1,3,Medical,Male,Single,Non-Travel,7,2570,20,1,No,0,4,4,3,4,3,3,0,7,5,7,7,5,7
1694,55,No,0,Research & Development,Research Scientist,1,3,Technical Degree,Male,Divorced,Travel_Rarely,22,3537,12,5,No,0,3,1,2,2,4,3,1,8,1,4,2,1,2
1696,34,No,0,Research & Development,Laboratory Technician,2,2,Medical,Male,Married,Travel_Rarely,5,3986,14,1,No,0,3,2,2,4,3,4,1,15,3,15,10,4,13
1697,60,No,0,Research & Development,Healthcare Representative,3,4,Medical,Male,Divorced,Travel_Rarely,1,10883,20,3,No,0,4,3,1,4,3,4,1,19,2,1,0,0,0
1698,33,No,0,Research & Development,Laboratory Technician,1,3,Medical,Male,Married,Travel_Rarely,21,2028,18,1,No,0,3,2,4,2,4,3,3,14,6,14,11,2,13
1700,37,No,0,Sales,Sales Executive,2,4,Medical,Male,Divorced,Travel_Frequently,1,9525,14,1,No,0,3,3,1,4,3,2,2,6,2,6,3,1,3
1701,34,No,0,Research & Development,Research Scientist,1,3,Life Sciences,Female,Married,Travel_Rarely,19,2929,12,1,No,0,3,2,2,4,2,3,0,10,3,10,9,8,7
1702,23,Yes,1,Sales,Sales Representative,1,3,Life Sciences,Male,Divorced,Travel_Rarely,7,2275,21,1,Yes,1,4,3,3,4,2,3,1,3,2,3,2,0,2
1703,44,No,0,Research & Development,Healthcare Representative,3,3,Life Sciences,Female,Married,Travel_Rarely,2,7879,19,1,Yes,1,3,3,4,4,2,3,1,9,2,8,7,6,7
1704,35,No,0,Research & Development,Research Scientist,1,4,Medical,Male,Single,Travel_Frequently,2,4930,14,0,Yes,1,3,1,2,4,3,4,0,6,2,5,4,1,4
1706,43,No,0,Sales,Sales Executive,2,3,Medical,Male,Married,Travel_Rarely,2,7847,17,1,Yes,1,3,4,3,4,1,3,1,10,3,10,9,8,8
1707,24,No,0,Research & Development,Research Scientist,1,3,Medical,Male,Married,Travel_Rarely,9,4401,16,1,No,0,3,3,4,3,4,3,1,5,1,5,3,0,4
1708,41,No,0,Sales,Sales Executive,3,3,Marketing,Male,Single,Travel_Rarely,6,9241,12,1,No,0,3,4,3,3,2,3,0,10,3,10,8,8,7
1709,29,No,0,Research & Development,Laboratory Technician,1,4,Medical,Female,Married,Travel_Rarely,9,2974,17,9,No,0,3,4,3,3,3,3,1,9,2,5,3,1,2
1710,36,No,0,Sales,Sales Representative,2,4,Life Sciences,Female,Single,Travel_Rarely,2,4502,15,3,No,0,3,3,3,4,3,2,0,17,2,13,7,6,7
1712,45,No,0,Research & Development,Healthcare Representative,3,1,Life Sciences,Male,Married,Non-Travel,1,10748,23,3,No,0,4,3,2,3,4,2,1,25,3,23,15,14,4
1714,24,Yes,1,Human Resources,Human Resources,1,1,Human Resources,Male,Married,Travel_Rarely,22,1555,11,1,No,0,3,4,1,3,3,3,1,1,2,1,0,0,0
1716,47,Yes,1,Sales,Sales Executive,4,3,Life Sciences,Male,Married,Travel_Frequently,9,12936,11,7,No,0,3,3,1,3,3,1,0,25,3,23,5,14,10
1718,26,No,0,Research & Development,Laboratory Technician,1,4,Medical,Male,Married,Travel_Rarely,17,2305,15,1,No,0,3,4,1,3,3,4,3,3,3,3,2,0,2
1719,45,No,0,Research & Development,Research Director,4,2,Technical Degree,Female,Single,Travel_Rarely,28,16704,11,1,No,0,3,4,2,2,3,3,0,21,2,21,6,8,6
1720,32,No,0,Research & Development,Research Scientist,1,3,Life Sciences,Male,Married,Travel_Frequently,10,3433,13,6,No,0,3,1,3,3,1,2,1,10,3,5,2,1,3
1721,31,No,0,Research & Development,Laboratory Technician,1,4,Life Sciences,Male,Married,Travel_Rarely,2,3477,14,1,No,0,3,2,3,3,4,4,1,6,2,5,2,0,3
1722,41,No,0,Human Resources,Human Resources,2,3,Human Resources,Male,Married,Non-Travel,4,6430,19,6,No,0,3,3,1,2,2,3,1,10,4,3,2,1,2
1724,40,No,0,Research & Development,Manufacturing Director,2,2,Life Sciences,Female,Married,Travel_Rarely,8,6516,16,2,Yes,1,3,2,3,1,2,3,1,18,3,1,0,0,0
1725,24,No,0,Research & Development,Laboratory Technician,1,1,Medical,Male,Divorced,Travel_Rarely,29,3907,13,1,No,0,3,2,3,1,2,4,3,6,2,6,2,1,2
1727,46,No,0,Research & Development,Healthcare Representative,2,4,Life Sciences,Male,Single,Travel_Rarely,13,5562,14,6,No,0,3,3,3,2,4,3,0,19,3,10,7,0,9
1728,35,No,0,Research & Development,Manufacturing Director,2,4,Life Sciences,Male,Married,Travel_Rarely,27,6883,16,2,No,0,3,4,3,3,2,3,1,17,3,7,7,0,7
1729,30,No,0,Research & Development,Research Scientist,1,1,Life Sciences,Male,Married,Travel_Rarely,16,2862,12,1,No,0,3,2,3,4,2,2,1,10,2,10,0,0,8
1731,47,No,0,Sales,Sales Executive,2,4,Marketing,Male,Married,Non-Travel,2,4978,11,7,No,0,3,3,3,2,4,1,1,4,3,1,0,0,0
1732,46,No,0,Sales,Sales Executive,3,3,Life Sciences,Male,Divorced,Travel_Rarely,2,10368,12,4,Yes,1,3,3,3,4,2,2,1,13,5,10,6,0,3
1733,36,Yes,1,Sales,Sales Executive,2,5,Marketing,Male,Divorced,Travel_Rarely,13,6134,13,5,Yes,1,3,2,2,1,2,3,3,16,3,2,2,2,2
1734,32,Yes,1,Sales,Sales Executive,2,2,Life Sciences,Male,Single,Travel_Rarely,1,6735,15,6,No,0,3,1,1,2,2,3,0,10,2,0,0,0,0
1735,23,No,0,Research & Development,Laboratory Technician,1,1,Medical,Female,Single,Travel_Rarely,4,3295,13,1,No,0,3,3,3,2,3,1,0,3,3,3,2,1,2
1736,31,No,0,Research & Development,Manufacturing Director,2,1,Technical Degree,Female,Single,Travel_Frequently,24,5238,20,2,No,0,4,4,3,4,4,2,0,9,3,5,4,1,4
1737,39,No,0,Research & Development,Laboratory Technician,2,3,Life Sciences,Male,Married,Non-Travel,1,6472,15,1,Yes,1,3,4,3,4,4,3,1,9,2,9,8,5,8
1739,32,No,0,Sales,Sales Executive,3,3,Life Sciences,Male,Married,Travel_Rarely,19,9610,13,3,No,0,3,4,1,3,3,1,1,10,2,4,3,0,2
1740,40,No,0,Sales,Manager,5,4,Medical,Male,Single,Travel_Rarely,7,19833,14,1,No,0,3,2,3,2,2,2,0,21,3,21,8,12,8
1744,45,No,0,Human Resources,Human Resources,3,3,Life Sciences,Female,Married,Travel_Rarely,4,9756,21,4,No,0,4,3,1,3,3,4,2,9,2,5,0,0,3
1745,30,No,0,Research & Development,Research Scientist,1,4,Technical Degree,Female,Single,Travel_Frequently,2,4968,16,0,No,0,3,4,2,1,4,3,0,10,2,9,7,0,7
1746,24,No,0,Human Resources,Human Resources,1,3,Medical,Male,Married,Travel_Frequently,10,2145,14,0,No,0,3,1,3,4,4,3,1,3,2,2,2,2,1
1747,30,Yes,1,Human Resources,Human Resources,1,3,Human Resources,Female,Divorced,Travel_Frequently,8,2180,11,6,No,0,3,3,2,4,3,2,1,6,0,4,2,1,2
1749,31,No,0,Sales,Sales Executive,2,3,Technical Degree,Male,Married,Travel_Rarely,5,8346,19,1,No,0,3,1,3,3,3,3,1,6,3,5,2,0,2
1751,27,No,0,Research & Development,Research Scientist,1,3,Medical,Female,Single,Travel_Rarely,8,3445,11,1,No,0,3,3,3,4,3,2,0,6,5,6,2,1,4
1752,29,Yes,1,Sales,Sales Representative,1,3,Marketing,Female,Single,Travel_Rarely,9,2760,13,1,No,0,3,2,1,2,3,3,0,2,3,2,2,2,2
1753,29,No,0,Research & Development,Healthcare Representative,2,3,Life Sciences,Male,Single,Travel_Frequently,1,6294,12,8,Yes,1,3,4,4,3,4,4,0,10,5,3,2,0,2
1754,30,No,0,Sales,Sales Executive,3,2,Marketing,Male,Divorced,Travel_Rarely,15,7140,11,2,No,0,3,3,2,1,1,3,1,12,2,7,7,1,7
1755,34,No,0,Research & Development,Research Scientist,1,4,Medical,Male,Married,Travel_Rarely,2,2932,14,0,Yes,1,3,4,4,4,1,3,3,6,3,5,0,1,2
1756,33,No,0,Sales,Sales Executive,2,3,Marketing,Female,Single,Non-Travel,2,5147,15,8,No,0,3,4,3,2,4,2,0,13,2,11,7,1,7
1757,49,No,0,Sales,Sales Executive,2,4,Marketing,Female,Single,Travel_Rarely,11,4507,12,3,No,0,3,4,3,4,3,4,0,8,1,5,1,0,4
1758,33,Yes,1,Sales,Sales Executive,3,3,Life Sciences,Female,Single,Travel_Rarely,16,8564,20,2,Yes,1,4,1,3,1,3,2,0,11,2,0,0,0,0
1760,38,No,0,Research & Development,Laboratory Technician,1,2,Medical,Female,Married,Travel_Frequently,2,2468,14,4,No,0,3,3,2,2,2,2,1,9,4,6,1,0,5
1761,31,Yes,1,Sales,Sales Executive,3,4,Marketing,Male,Married,Travel_Rarely,16,8161,13,2,No,0,3,1,3,3,1,3,3,10,2,1,0,0,0
1762,29,No,0,Research & Development,Research Scientist,1,3,Technical Degree,Female,Divorced,Travel_Rarely,4,2109,13,1,No,0,3,4,2,1,3,3,1,1,2,1,0,0,0
1763,30,No,0,Research & Development,Healthcare Representative,2,3,Life Sciences,Male,Married,Travel_Rarely,16,5294,16,3,No,0,3,3,4,3,3,3,1,10,3,7,0,1,7
1764,32,No,0,Research & Development,Research Scientist,1,4,Technical Degree,Male,Single,Non-Travel,5,2718,14,2,No,0,3,2,3,2,2,3,0,12,3,7,7,0,7
1766,38,No,0,Research & Development,Healthcare Representative,2,3,Medical,Male,Married,Travel_Rarely,18,5811,16,3,Yes,1,3,2,1,4,3,3,1,15,2,1,0,1,0
1767,43,Yes,1,Research & Development,Research Scientist,1,3,Technical Degree,Male,Married,Travel_Frequently,17,2437,16,9,Yes,1,3,3,2,3,4,3,1,6,4,1,0,0,0
1768,42,No,0,Research & Development,Laboratory Technician,1,3,Medical,Male,Divorced,Travel_Rarely,12,2766,22,8,No,0,4,2,3,2,2,2,3,7,6,5,3,0,4
1770,55,No,0,Research & Development,Research Director,5,3,Medical,Male,Married,Travel_Rarely,2,19038,12,8,No,0,3,3,2,1,2,3,3,34,2,1,0,0,0
1771,33,No,0,Research & Development,Research Scientist,2,3,Technical Degree,Male,Divorced,Non-Travel,4,3055,15,5,No,0,3,4,3,2,4,2,2,11,2,9,8,1,7
1772,41,No,0,Research & Development,Laboratory Technician,1,4,Life Sciences,Male,Divorced,Travel_Rarely,9,2289,20,1,No,0,4,3,3,1,2,3,2,5,2,5,3,0,4
1774,34,No,0,Sales,Sales Executive,2,3,Life Sciences,Male,Divorced,Non-Travel,10,4001,14,1,Yes,1,3,4,3,3,3,3,1,15,3,15,14,0,7
1775,53,No,0,Research & Development,Manufacturing Director,4,4,Medical,Female,Married,Non-Travel,1,12965,20,4,Yes,1,4,1,2,3,4,2,3,27,2,3,2,0,2
1778,43,No,0,Human Resources,Human Resources,1,3,Life Sciences,Male,Single,Travel_Rarely,2,3539,13,0,No,0,3,2,3,4,2,3,0,10,5,9,7,1,8
1779,34,No,0,Sales,Sales Executive,2,2,Life Sciences,Female,Single,Travel_Rarely,3,6029,12,5,No,0,3,4,1,4,1,3,0,6,3,2,2,2,2
1780,21,Yes,1,Sales,Sales Representative,1,1,Marketing,Male,Single,Travel_Rarely,7,2679,13,1,No,0,3,2,3,2,2,3,0,1,3,1,0,1,0
1782,38,No,0,Research & Development,Laboratory Technician,1,2,Other,Female,Married,Travel_Rarely,6,3702,11,1,No,0,3,4,2,3,2,3,1,5,3,5,4,0,4
1783,22,Yes,1,Research & Development,Laboratory Technician,1,1,Medical,Female,Married,Travel_Rarely,8,2398,17,1,Yes,1,3,3,3,1,3,3,0,1,6,1,0,0,0
1784,31,No,0,Sales,Sales Executive,2,4,Marketing,Female,Married,Travel_Rarely,29,5468,14,1,No,0,3,1,2,4,1,3,2,13,3,12,7,5,7
1786,51,No,0,Research & Development,Manager,3,3,Technical Degree,Female,Married,Travel_Rarely,3,13116,11,2,No,0,3,1,3,3,4,3,0,15,2,2,2,2,2
1787,37,No,0,Sales,Sales Executive,2,2,Marketing,Male,Married,Travel_Rarely,9,4189,14,1,No,0,3,2,2,2,1,3,2,5,2,5,2,0,3
1789,46,No,0,Research & Development,Research Director,5,4,Medical,Male,Divorced,Travel_Rarely,2,19328,17,7,Yes,1,3,3,3,4,3,3,1,24,3,2,1,2,2
1790,36,No,0,Research & Development,Healthcare Representative,3,3,Life Sciences,Male,Married,Travel_Rarely,10,8321,13,7,Yes,1,3,4,3,1,4,3,1,15,1,12,8,5,7
1792,44,Yes,1,Research & Development,Research Scientist,1,2,Medical,Male,Divorced,Travel_Frequently,1,2342,12,1,Yes,1,3,3,3,2,3,2,3,6,2,5,3,2,3
1794,37,No,0,Human Resources,Human Resources,2,2,Other,Male,Divorced,Travel_Rarely,8,4071,13,2,No,0,3,3,3,2,3,2,0,19,4,10,0,4,7
1797,35,Yes,1,Sales,Sales Executive,2,3,Life Sciences,Male,Single,Travel_Rarely,27,5813,18,1,Yes,1,3,3,3,4,4,3,0,10,2,10,7,7,7
1798,33,No,0,Research & Development,Research Scientist,1,4,Life Sciences,Male,Married,Travel_Rarely,8,3143,19,6,No,0,3,4,4,1,2,3,1,14,1,10,8,7,6
1799,28,No,0,Research & Development,Research Scientist,1,3,Life Sciences,Male,Married,Travel_Rarely,1,2044,11,1,No,0,3,3,3,4,3,4,1,5,6,5,3,0,3
1800,39,No,0,Research & Development,Research Director,3,1,Medical,Male,Single,Travel_Rarely,10,13464,21,7,No,0,4,3,3,3,3,3,0,9,3,4,3,2,2
1801,46,No,0,Sales,Sales Executive,2,2,Life Sciences,Male,Single,Non-Travel,26,7991,15,8,No,0,3,2,2,2,3,3,0,6,3,2,2,2,2
1802,40,No,0,Research & Development,Laboratory Technician,1,2,Life Sciences,Female,Married,Travel_Rarely,2,3377,17,4,No,0,3,3,3,1,4,2,1,7,5,4,3,0,2
1803,42,No,0,Research & Development,Healthcare Representative,2,3,Medical,Male,Married,Travel_Rarely,13,5538,18,5,No,0,3,2,4,1,3,2,2,10,2,0,0,0,0
1804,35,No,0,Research & Development,Manufacturing Director,2,2,Medical,Male,Divorced,Non-Travel,2,5762,14,2,No,0,3,2,3,4,3,3,1,15,6,7,7,1,7
1805,38,No,0,Human Resources,Human Resources,1,3,Human Resources,Male,Divorced,Non-Travel,2,2592,13,5,No,0,3,1,3,2,4,3,3,13,3,11,10,3,8
1807,34,Yes,1,Research & Development,Laboratory Technician,2,4,Life Sciences,Male,Married,Travel_Frequently,9,5346,17,4,No,0,3,4,3,1,3,2,1,11,3,7,1,0,7
1809,37,Yes,1,Research & Development,Manufacturing Director,2,4,Medical,Male,Single,Travel_Rarely,10,4213,15,1,No,0,3,4,3,1,2,1,0,10,4,10,3,0,8
1812,39,No,0,Sales,Sales Executive,2,3,Life Sciences,Male,Divorced,Travel_Frequently,20,4127,18,2,No,0,3,3,3,4,4,3,1,7,6,2,1,2,2
1813,43,No,0,Research & Development,Research Scientist,1,3,Life Sciences,Male,Single,Non-Travel,9,2438,13,4,No,0,3,1,3,3,3,2,0,7,2,3,2,1,2
1814,41,No,0,Research & Development,Healthcare Representative,2,3,Life Sciences,Male,Single,Travel_Rarely,5,6870,12,3,No,0,3,2,4,2,1,1,0,11,3,3,2,1,2
1815,41,No,0,Sales,Sales Executive,3,1,Marketing,Female,Divorced,Travel_Rarely,4,10447,13,0,Yes,1,3,3,3,3,4,4,1,23,3,22,14,13,5
1816,30,No,0,Research & Development,Manufacturing Director,3,3,Medical,Female,Single,Travel_Rarely,10,9667,14,9,No,0,3,1,3,3,2,3,0,9,3,7,7,0,2
1818,26,Yes,1,Human Resources,Human Resources,1,2,Medical,Female,Married,Travel_Rarely,20,2148,11,0,Yes,1,3,4,3,2,3,3,0,6,3,5,1,1,4
1821,46,Yes,1,Research & Development,Healthcare Representative,2,2,Medical,Female,Married,Travel_Rarely,21,8926,22,4,No,0,4,4,3,2,4,4,1,13,2,9,7,3,7
1822,40,No,0,Research & Development,Healthcare Representative,2,3,Life Sciences,Female,Divorced,Travel_Rarely,1,6513,17,4,No,0,3,3,3,4,4,3,1,12,3,5,3,0,3
1823,34,No,0,Sales,Sales Executive,2,2,Technical Degree,Male,Married,Travel_Rarely,8,6799,21,1,No,0,4,2,4,3,3,3,2,10,5,10,8,4,8
1824,58,No,0,Sales,Manager,4,3,Medical,Male,Divorced,Non-Travel,2,16291,22,4,No,0,4,2,3,2,4,2,1,37,0,16,9,14,14
1826,35,No,0,Research & Development,Laboratory Technician,1,4,Medical,Male,Married,Travel_Rarely,23,2705,16,0,No,0,3,2,1,3,2,4,1,6,2,5,4,0,3
1827,47,No,0,Research & Development,Manufacturing Director,3,3,Life Sciences,Female,Divorced,Travel_Rarely,4,10333,12,8,Yes,1,3,3,2,2,3,3,1,28,4,22,11,14,10
1829,40,No,0,Research & Development,Healthcare Representative,2,3,Life Sciences,Female,Divorced,Travel_Rarely,12,4448,12,2,No,0,3,2,3,1,2,3,1,15,3,7,4,7,7
1830,54,No,0,Research & Development,Research Scientist,2,4,Medical,Female,Married,Travel_Rarely,7,6854,15,4,No,0,3,4,3,4,2,2,1,14,2,7,1,1,7
1833,31,No,0,Sales,Sales Executive,3,4,Marketing,Female,Married,Travel_Frequently,7,9637,14,2,No,0,3,1,3,1,4,3,2,9,3,3,2,2,2
1834,28,No,0,Research & Development,Research Scientist,1,3,Medical,Female,Married,Travel_Rarely,1,3591,25,1,No,0,4,3,3,1,3,3,1,3,3,3,2,1,2
1835,38,No,0,Sales,Sales Representative,2,4,Marketing,Female,Married,Travel_Rarely,2,5405,20,2,Yes,1,4,2,1,4,1,2,2,20,4,4,2,0,3
1836,26,No,0,Sales,Sales Executive,2,3,Medical,Male,Single,Travel_Rarely,10,4684,13,1,No,0,3,3,3,4,1,3,0,5,4,5,3,1,2
1837,58,No,0,Research & Development,Research Director,4,4,Life Sciences,Male,Married,Travel_Frequently,15,15787,14,2,Yes,1,3,1,3,3,2,3,0,23,3,2,2,2,2
1839,18,No,0,Research & Development,Research Scientist,1,3,Medical,Female,Single,Non-Travel,14,1514,16,1,No,0,3,2,3,3,3,1,0,0,4,0,0,0,0
1842,31,Yes,1,Human Resources,Human Resources,1,5,Human Resources,Male,Married,Travel_Rarely,18,2956,17,0,No,0,3,4,4,1,3,3,0,2,4,1,0,0,0
1844,29,Yes,1,Human Resources,Human Resources,1,3,Human Resources,Male,Divorced,Travel_Rarely,13,2335,15,4,Yes,1,3,1,2,1,4,3,3,4,3,2,2,2,0
1845,45,No,0,Sales,Sales Executive,2,4,Life Sciences,Female,Married,Non-Travel,2,5154,22,4,No,0,4,3,3,3,2,4,2,10,3,8,7,5,7
1847,36,No,0,Research & Development,Research Scientist,2,4,Other,Female,Married,Travel_Rarely,2,6962,22,4,Yes,1,4,4,3,2,4,3,1,15,2,1,0,0,0
1849,43,No,0,Sales,Sales Executive,2,4,Life Sciences,Male,Married,Travel_Frequently,2,5675,20,1,No,0,4,1,3,4,3,3,1,7,5,7,7,7,7
1850,27,No,0,Research & Development,Laboratory Technician,1,2,Life Sciences,Female,Single,Travel_Frequently,5,2379,14,0,Yes,1,3,4,3,4,3,2,0,6,3,5,4,0,2
1852,29,No,0,Research & Development,Laboratory Technician,1,1,Medical,Male,Married,Travel_Frequently,20,3812,13,1,No,0,3,4,3,4,2,4,0,11,3,11,8,3,10
1853,32,No,0,Sales,Sales Executive,2,4,Marketing,Male,Single,Travel_Frequently,10,4648,13,8,No,0,3,4,3,4,3,4,0,4,2,0,0,0,0
1854,42,No,0,Research & Development,Research Scientist,1,4,Technical Degree,Male,Married,Non-Travel,10,2936,22,3,No,0,4,3,3,3,2,2,2,10,1,6,3,3,3
1856,47,No,0,Research & Development,Laboratory Technician,1,4,Life Sciences,Female,Single,Travel_Rarely,9,2105,12,4,No,0,3,2,3,3,3,3,0,7,2,2,2,2,0
1857,46,No,0,Research & Development,Manufacturing Director,3,2,Life Sciences,Male,Divorced,Travel_Rarely,2,8578,14,3,No,0,3,4,3,4,3,2,1,12,4,9,8,4,7
1858,28,No,0,Human Resources,Human Resources,1,2,Life Sciences,Male,Divorced,Non-Travel,1,2706,15,1,No,0,3,3,3,4,2,3,1,3,2,3,2,2,2
1859,29,No,0,Research & Development,Healthcare Representative,2,1,Life Sciences,Male,Divorced,Travel_Rarely,29,6384,17,8,No,0,3,4,1,3,4,3,2,11,3,7,0,1,6
1860,42,No,0,Research & Development,Laboratory Technician,1,3,Life Sciences,Male,Single,Travel_Rarely,8,3968,13,4,No,0,3,4,3,3,4,3,0,8,3,0,0,0,0
1862,32,Yes,1,Sales,Sales Executive,2,4,Marketing,Male,Single,Travel_Rarely,2,9907,12,7,Yes,1,3,3,2,2,3,2,0,7,3,2,2,2,2
1863,46,No,0,Sales,Sales Executive,4,3,Technical Degree,Female,Divorced,Travel_Rarely,3,13225,12,2,No,0,3,1,4,1,4,3,1,25,5,19,17,2,8
1864,27,No,0,Sales,Sales Representative,2,1,Medical,Female,Married,Travel_Rarely,23,3540,21,1,No,0,4,2,2,3,4,3,1,9,5,9,8,5,8
1865,29,No,0,Human Resources,Human Resources,1,1,Medical,Male,Married,Travel_Rarely,6,2804,11,1,No,0,3,4,2,2,4,3,0,1,3,1,0,0,0
1866,43,No,0,Research & Development,Manager,5,3,Medical,Female,Married,Travel_Rarely,6,19392,13,7,No,0,3,1,2,3,4,3,0,21,2,16,12,6,14
1867,48,No,0,Research & Development,Research Director,5,3,Life Sciences,Male,Married,Travel_Rarely,10,19665,12,4,No,0,3,4,2,2,4,3,0,29,3,22,10,12,9
1868,29,Yes,1,Research & Development,Research Scientist,1,2,Life Sciences,Male,Single,Travel_Frequently,24,2439,24,1,Yes,1,4,4,2,4,2,2,0,1,3,1,0,1,0
1869,46,Yes,1,Sales,Sales Executive,3,3,Life Sciences,Female,Married,Travel_Rarely,10,7314,21,5,No,0,4,3,3,2,3,3,3,14,2,8,7,0,7
1870,27,No,0,Research & Development,Research Scientist,1,3,Life Sciences,Female,Married,Travel_Frequently,15,4774,19,0,No,0,3,4,2,1,4,2,1,8,2,7,6,7,3
1871,39,No,0,Research & Development,Research Scientist,2,4,Other,Male,Divorced,Travel_Rarely,19,3902,14,8,No,0,3,4,3,4,2,3,3,7,2,2,2,2,2
1873,55,No,0,Research & Development,Research Scientist,1,4,Technical Degree,Male,Married,Travel_Rarely,2,2662,20,8,No,0,4,2,2,4,2,4,1,19,2,5,2,0,4
1875,28,No,0,Sales,Sales Representative,1,3,Medical,Female,Married,Travel_Rarely,3,2856,19,1,No,0,3,2,3,2,4,3,1,1,3,1,0,0,0
1876,30,Yes,1,Sales,Sales Representative,1,3,Medical,Male,Single,Travel_Rarely,9,1081,13,1,No,0,3,2,3,4,3,2,0,1,3,1,0,0,0
1878,22,Yes,1,Research & Development,Research Scientist,1,1,Life Sciences,Male,Single,Travel_Rarely,7,2472,23,1,Yes,1,4,4,3,2,1,3,0,1,2,1,0,0,0
1880,36,No,0,Sales,Sales Executive,2,4,Technical Degree,Female,Married,Travel_Rarely,10,5673,13,1,Yes,1,3,2,2,3,1,3,1,10,4,10,9,1,7
1881,31,No,0,Research & Development,Laboratory Technician,2,3,Life Sciences,Male,Divorced,Travel_Rarely,20,4197,11,1,No,0,3,2,3,3,1,3,1,10,2,10,8,0,2
1882,34,No,0,Sales,Sales Executive,3,3,Life Sciences,Male,Married,Travel_Rarely,4,9713,13,2,Yes,1,3,3,3,4,4,3,3,9,3,5,3,1,0
1883,29,No,0,Research & Development,Laboratory Technician,1,3,Life Sciences,Male,Single,Travel_Rarely,7,2062,14,3,No,0,3,4,3,1,2,3,0,11,2,3,2,1,2
1885,37,No,0,Research & Development,Research Scientist,2,4,Medical,Male,Married,Travel_Rarely,7,4284,22,5,Yes,1,4,4,3,1,3,3,1,16,2,5,3,0,4
1886,35,No,0,Research & Development,Manufacturing Director,2,2,Other,Female,Married,Travel_Rarely,16,4788,11,0,Yes,1,3,4,2,2,4,3,0,4,2,3,2,0,2
1888,45,No,0,Research & Development,Manufacturing Director,2,2,Life Sciences,Female,Married,Travel_Rarely,25,5906,13,0,No,0,3,2,2,4,4,2,2,10,2,9,8,3,8
1890,36,No,0,Human Resources,Human Resources,2,1,Human Resources,Male,Single,Travel_Frequently,2,3886,21,1,No,0,4,2,2,4,4,2,0,10,2,10,1,0,8
1892,40,No,0,Research & Development,Manager,4,4,Life Sciences,Male,Divorced,Travel_Rarely,1,16823,11,2,No,0,3,1,3,1,1,3,1,22,3,19,7,11,16
1893,26,No,0,Research & Development,Research Scientist,1,2,Life Sciences,Female,Married,Travel_Rarely,1,2933,13,1,Yes,1,3,2,2,3,3,2,1,1,3,1,0,1,0
1898,27,No,0,Sales,Sales Executive,2,2,Medical,Female,Single,Travel_Rarely,2,6500,14,0,No,0,3,1,4,3,2,2,0,9,5,8,7,0,7
1900,48,No,0,Research & Development,Manager,4,3,Medical,Female,Divorced,Travel_Frequently,22,17174,11,3,No,0,3,4,3,4,2,3,1,24,3,22,17,4,7
1903,44,No,0,Research & Development,Healthcare Representative,2,4,Life Sciences,Male,Married,Travel_Rarely,1,5033,15,2,No,0,3,2,4,1,4,3,1,10,5,2,0,2,2
1905,34,Yes,1,Research & Development,Research Scientist,1,4,Technical Degree,Male,Married,Non-Travel,16,2307,23,1,Yes,1,4,4,1,1,2,3,1,5,2,5,2,3,0
1907,56,Yes,1,Research & Development,Laboratory Technician,1,2,Life Sciences,Male,Single,Travel_Rarely,24,2587,16,1,No,0,3,1,3,4,4,3,0,5,3,4,2,1,0
1908,36,No,0,Sales,Sales Executive,2,2,Marketing,Male,Married,Travel_Rarely,17,5507,16,2,No,0,3,3,2,2,3,1,2,12,1,4,2,1,3
1909,41,No,0,Sales,Sales Executive,2,3,Marketing,Female,Married,Travel_Rarely,8,4393,21,5,No,0,4,3,3,2,3,3,1,14,3,5,4,1,4
1911,42,No,0,Research & Development,Research Director,3,3,Medical,Male,Married,Travel_Rarely,6,13348,13,9,No,0,3,3,3,1,2,4,1,18,3,13,7,5,7
1912,31,No,0,Sales,Sales Executive,2,2,Medical,Female,Divorced,Travel_Rarely,10,6583,11,2,Yes,1,3,3,3,4,4,3,1,8,2,5,2,1,4
1915,34,No,0,Sales,Sales Executive,2,1,Medical,Female,Married,Travel_Rarely,3,8103,12,3,Yes,1,3,4,2,4,3,2,0,9,3,4,2,0,1
1916,31,No,0,Research & Development,Laboratory Technician,1,3,Medical,Female,Divorced,Travel_Rarely,4,3978,12,8,No,0,3,1,4,3,2,2,1,4,0,2,2,2,2
1918,26,No,0,Research & Development,Laboratory Technician,1,3,Other,Male,Married,Travel_Frequently,6,2544,18,0,No,0,3,3,4,4,1,3,1,8,3,7,7,7,7
1922,45,No,0,Research & Development,Healthcare Representative,2,4,Medical,Male,Single,Travel_Frequently,1,5399,12,4,No,0,3,2,3,3,3,3,0,12,3,4,2,0,3
1924,33,No,0,Sales,Sales Executive,2,4,Marketing,Male,Single,Travel_Rarely,10,5487,14,1,No,0,3,2,3,3,2,2,0,10,2,10,4,0,9
1927,28,No,0,Sales,Sales Executive,2,2,Life Sciences,Male,Married,Travel_Frequently,1,6834,12,1,Yes,1,3,3,2,4,3,3,1,7,2,7,7,0,7
1928,29,Yes,1,Sales,Sales Representative,1,3,Technical Degree,Male,Single,Travel_Frequently,24,1091,17,1,No,0,3,3,4,1,4,3,0,1,3,1,0,0,0
1929,39,No,0,Sales,Sales Executive,2,4,Life Sciences,Female,Married,Non-Travel,21,5736,19,6,No,0,3,1,1,3,3,3,1,10,1,3,2,1,2
1931,27,No,0,Research & Development,Research Scientist,1,4,Technical Degree,Male,Married,Travel_Rarely,2,2226,11,1,No,0,3,2,3,2,3,2,1,6,3,5,3,1,2
1932,34,No,0,Research & Development,Research Scientist,2,4,Other,Male,Married,Travel_Frequently,22,5747,15,1,Yes,1,3,3,2,4,2,3,0,16,3,15,10,6,11
1933,28,Yes,1,Sales,Sales Executive,2,2,Marketing,Female,Single,Travel_Rarely,13,9854,11,3,Yes,1,3,4,3,3,4,3,0,6,0,2,0,2,2
1934,47,No,0,Research & Development,Research Scientist,2,4,Technical Degree,Male,Married,Non-Travel,14,5467,18,8,No,0,3,3,3,2,3,4,1,16,4,8,7,1,7
1935,56,No,0,Sales,Sales Executive,2,5,Marketing,Female,Married,Travel_Rarely,11,5380,16,4,No,0,3,4,2,1,3,3,1,6,3,0,0,0,0
1936,39,No,0,Research & Development,Manufacturing Director,2,2,Medical,Male,Married,Travel_Rarely,9,5151,25,1,No,0,4,1,3,1,4,3,1,10,3,10,0,7,9
1937,38,No,0,Research & Development,Research Scientist,2,3,Medical,Female,Divorced,Travel_Frequently,8,2133,16,1,Yes,1,3,4,2,2,3,3,1,20,3,20,11,0,7
1938,58,No,0,Sales,Manager,4,3,Life Sciences,Female,Married,Travel_Rarely,21,17875,13,4,Yes,1,3,4,3,4,3,2,1,29,2,1,0,0,0
1939,32,Yes,1,Research & Development,Research Scientist,1,2,Life Sciences,Female,Single,Travel_Frequently,5,2432,14,3,Yes,1,3,1,4,3,1,3,0,8,2,4,1,0,3
1940,38,No,0,Research & Development,Research Scientist,1,2,Life Sciences,Male,Divorced,Travel_Rarely,9,4771,19,2,No,0,3,2,3,4,4,4,2,10,0,5,2,0,3
1941,49,No,0,Research & Development,Research Director,5,1,Life Sciences,Male,Married,Travel_Frequently,2,19161,15,3,No,0,3,2,3,4,4,3,0,28,3,5,4,4,3
1943,42,No,0,Sales,Sales Executive,2,4,Marketing,Male,Divorced,Travel_Rarely,12,5087,12,3,Yes,1,3,2,3,4,3,3,2,14,4,0,0,0,0
1944,27,Yes,1,Human Resources,Human Resources,1,3,Human Resources,Female,Married,Travel_Frequently,22,2863,12,1,No,0,3,1,2,2,1,3,0,1,2,1,0,0,0
1945,35,No,0,Sales,Sales Executive,2,4,Medical,Male,Married,Travel_Rarely,18,5561,16,0,No,0,3,2,3,1,4,1,1,6,2,5,3,0,4
1947,28,No,0,Research & Development,Research Scientist,1,3,Medical,Male,Single,Non-Travel,16,2144,14,1,No,0,3,3,3,3,3,2,0,5,3,5,3,1,4
1948,31,No,0,Research & Development,Research Scientist,1,2,Medical,Male,Divorced,Non-Travel,3,3065,13,1,Yes,1,3,3,3,1,4,4,1,4,3,4,2,2,3
1949,36,No,0,Research & Development,Laboratory Technician,1,4,Life Sciences,Male,Married,Non-Travel,9,2810,22,1,No,0,4,1,4,2,2,3,0,5,3,5,4,0,2
1950,34,No,0,Sales,Sales Executive,3,3,Marketing,Male,Single,Travel_Rarely,1,9888,21,1,No,0,4,1,3,4,1,2,0,14,3,14,8,2,1
1951,34,No,0,Sales,Sales Executive,3,4,Medical,Male,Divorced,Travel_Rarely,13,8628,18,1,No,0,3,4,3,3,3,2,1,9,2,8,7,1,1
1952,26,No,0,Research & Development,Laboratory Technician,1,3,Medical,Male,Single,Travel_Rarely,1,2867,13,0,No,0,3,3,3,1,4,2,0,8,6,7,7,7,6
1954,29,No,0,Research & Development,Healthcare Representative,2,3,Life Sciences,Male,Married,Travel_Rarely,1,5373,12,0,No,0,3,1,3,1,1,2,1,6,5,5,3,0,2
1955,32,No,0,Research & Development,Healthcare Representative,2,4,Medical,Female,Divorced,Non-Travel,15,6667,18,5,No,0,3,3,3,4,2,3,1,9,6,5,1,1,2
1956,31,No,0,Research & Development,Research Scientist,2,3,Life Sciences,Male,Married,Travel_Frequently,1,5003,21,1,No,0,4,4,1,1,2,3,0,10,6,10,8,8,7
1960,28,Yes,1,Research & Development,Laboratory Technician,1,3,Technical Degree,Male,Divorced,Travel_Rarely,17,2367,12,5,No,0,3,3,2,4,1,2,1,6,2,4,1,0,3
1961,38,No,0,Sales,Sales Representative,1,3,Life Sciences,Male,Single,Travel_Rarely,1,2858,14,4,No,0,3,1,2,1,1,2,0,20,3,1,0,0,0
1962,35,No,0,Sales,Sales Executive,2,4,Life Sciences,Female,Married,Travel_Rarely,7,5204,11,1,Yes,1,3,3,3,4,4,3,0,10,2,10,8,0,9
1965,27,No,0,Sales,Sales Executive,2,3,Marketing,Male,Single,Travel_Rarely,9,4105,14,1,No,0,3,4,3,4,1,3,0,7,5,7,7,0,7
1966,32,No,0,Research & Development,Manufacturing Director,2,4,Life Sciences,Male,Single,Travel_Rarely,5,9679,24,8,No,0,4,4,2,4,2,3,0,8,1,1,0,0,0
1967,31,Yes,1,Sales,Sales Executive,2,4,Marketing,Male,Married,Travel_Frequently,26,5617,11,1,Yes,1,3,1,3,4,3,3,0,10,4,10,7,0,8
1968,53,Yes,1,Sales,Sales Executive,3,4,Life Sciences,Male,Single,Travel_Rarely,24,10448,13,6,Yes,1,3,1,3,1,2,2,0,15,2,2,2,2,2
1969,54,No,0,Research & Development,Research Scientist,2,2,Life Sciences,Female,Married,Travel_Rarely,9,2897,11,3,No,0,3,1,3,3,3,2,2,9,6,4,3,2,3
1970,33,No,0,Research & Development,Healthcare Representative,2,2,Life Sciences,Male,Divorced,Travel_Frequently,7,5968,20,1,No,0,4,4,3,3,3,3,3,9,2,9,7,2,8
1971,43,No,0,Research & Development,Healthcare Representative,3,3,Life Sciences,Male,Married,Travel_Rarely,11,7510,17,1,No,0,3,1,3,3,2,3,1,10,1,10,9,0,9
1972,38,No,0,Human Resources,Human Resources,1,4,Other,Male,Married,Travel_Frequently,1,2991,11,0,Yes,1,3,4,3,2,2,3,1,7,2,6,2,1,2
1973,55,No,0,Human Resources,Manager,5,4,Human Resources,Male,Married,Travel_Rarely,26,19636,18,4,Yes,1,3,3,4,2,1,3,1,35,0,10,9,1,4
1974,31,No,0,Research & Development,Laboratory Technician,1,1,Medical,Female,Divorced,Travel_Rarely,2,1129,11,1,Yes,1,3,4,1,4,3,3,3,1,4,1,0,0,0
1975,39,No,0,Sales,Sales Executive,4,4,Marketing,Male,Single,Travel_Rarely,15,13341,12,0,No,0,3,2,3,1,1,3,0,21,3,20,8,11,10
1976,42,No,0,Research & Development,Research Scientist,2,2,Life Sciences,Male,Single,Non-Travel,23,4332,12,1,No,0,3,4,2,3,4,3,0,20,2,20,9,3,7
1979,31,No,0,Research & Development,Research Director,3,3,Medical,Female,Married,Non-Travel,10,11031,20,4,No,0,4,3,3,3,3,4,1,13,2,11,7,4,8
1980,54,No,0,Research & Development,Manufacturing Director,2,3,Medical,Female,Single,Travel_Rarely,10,4440,19,6,Yes,1,3,3,3,1,4,3,0,9,3,5,2,1,4
1981,24,No,0,Research & Development,Healthcare Representative,2,2,Life Sciences,Male,Single,Travel_Rarely,1,4617,12,1,No,0,3,2,2,3,2,2,0,4,2,4,3,1,2
1982,23,No,0,Research & Development,Laboratory Technician,1,2,Other,Male,Single,Travel_Rarely,12,2647,13,1,No,0,3,4,3,4,3,4,0,5,6,5,2,1,4
1985,40,No,0,Research & Development,Laboratory Technician,2,3,Technical Degree,Female,Married,Travel_Frequently,11,6323,11,1,No,0,3,4,3,3,1,4,1,10,2,10,9,9,4
1986,40,No,0,Sales,Sales Executive,2,2,Marketing,Female,Married,Travel_Rarely,2,5677,14,3,No,0,3,2,3,2,3,3,1,15,4,11,8,5,10
1987,25,No,0,Human Resources,Human Resources,1,3,Human Resources,Female,Married,Travel_Rarely,2,2187,14,4,No,0,3,3,3,2,3,3,0,6,3,2,0,1,2
1989,30,No,0,Research & Development,Laboratory Technician,1,2,Medical,Male,Married,Travel_Rarely,1,3748,13,1,No,0,3,4,3,2,3,2,0,12,6,12,8,1,7
1992,25,No,0,Research & Development,Laboratory Technician,1,1,Other,Male,Divorced,Travel_Rarely,2,3977,19,6,Yes,1,3,4,3,3,3,2,1,7,2,2,2,0,2
1993,47,No,0,Research & Development,Healthcare Representative,3,3,Medical,Male,Single,Travel_Rarely,25,8633,23,2,No,0,4,1,3,3,2,3,0,25,3,17,14,12,11
1994,33,No,0,Research & Development,Laboratory Technician,1,2,Medical,Male,Divorced,Non-Travel,1,2008,12,1,No,0,3,2,2,3,3,2,3,1,2,1,1,0,0
1995,38,No,0,Sales,Sales Executive,2,4,Life Sciences,Male,Married,Travel_Rarely,1,4440,15,0,No,0,3,4,3,2,1,3,2,16,3,15,13,5,8
1996,31,No,0,Sales,Sales Representative,1,2,Life Sciences,Male,Married,Travel_Rarely,2,3067,19,0,No,0,3,1,3,3,3,3,1,3,1,2,2,1,2
1997,38,No,0,Research & Development,Manufacturing Director,2,4,Life Sciences,Male,Married,Travel_Frequently,6,5321,11,2,No,0,3,1,2,3,4,3,1,10,1,8,3,7,7
1998,42,No,0,Research & Development,Research Scientist,2,4,Life Sciences,Male,Divorced,Travel_Rarely,18,5410,17,6,Yes,1,3,4,3,1,3,2,1,9,3,4,3,1,2
1999,41,No,0,Research & Development,Research Scientist,1,3,Life Sciences,Male,Married,Travel_Rarely,1,2782,22,3,No,0,4,4,3,4,1,3,1,12,3,5,3,1,0
2000,47,No,0,Research & Development,Research Director,3,1,Medical,Female,Married,Non-Travel,1,11957,18,0,No,0,3,3,3,2,1,1,2,14,3,13,8,5,12
2003,35,No,0,Research & Development,Laboratory Technician,1,4,Medical,Male,Married,Travel_Rarely,11,2660,11,7,Yes,1,3,4,3,3,3,3,1,5,3,2,2,2,2
2007,22,No,0,Research & Development,Research Scientist,1,2,Life Sciences,Male,Single,Travel_Rarely,1,3375,12,0,No,0,3,4,3,3,4,4,0,4,2,3,2,1,2
2008,35,No,0,Research & Development,Research Scientist,2,4,Medical,Male,Single,Travel_Rarely,9,5098,19,1,No,0,3,2,3,3,2,3,0,10,5,10,7,0,8
2009,33,No,0,Research & Development,Healthcare Representative,2,2,Medical,Female,Married,Travel_Rarely,15,4878,13,0,Yes,1,3,2,3,4,1,3,1,10,6,9,7,8,1
2010,32,No,0,Research & Development,Laboratory Technician,1,4,Life Sciences,Female,Single,Travel_Rarely,29,2837,13,1,No,0,3,3,2,2,3,3,0,6,3,6,2,4,1
2012,40,No,0,Research & Development,Laboratory Technician,1,4,Life Sciences,Male,Married,Travel_Rarely,1,2406,19,8,No,0,3,1,3,4,3,2,2,8,3,1,0,0,0
2013,32,No,0,Sales,Sales Representative,1,4,Medical,Male,Married,Travel_Rarely,1,2269,14,0,No,0,3,2,2,2,2,3,1,3,2,2,2,2,2
2014,39,No,0,Research & Development,Research Scientist,2,1,Life Sciences,Male,Single,Travel_Rarely,24,4108,13,7,No,0,3,1,3,4,1,3,0,18,2,7,7,1,7
2015,38,No,0,Research & Development,Research Director,3,3,Medical,Female,Married,Travel_Rarely,10,13206,12,3,No,0,3,2,1,3,1,3,1,20,3,18,16,1,11
2016,32,No,0,Sales,Sales Executive,3,4,Marketing,Female,Married,Travel_Rarely,1,10422,19,1,No,0,3,3,3,4,3,3,2,14,3,14,10,5,7
2017,37,No,0,Research & Development,Research Director,3,3,Life Sciences,Female,Married,Travel_Rarely,10,13744,25,1,Yes,1,4,3,4,4,1,3,1,16,2,16,11,6,8
2018,25,No,0,Sales,Sales Executive,2,2,Other,Female,Divorced,Travel_Rarely,8,4907,22,0,Yes,1,4,1,3,3,2,2,1,6,3,5,3,0,4
2019,52,No,0,Sales,Sales Representative,1,4,Life Sciences,Male,Divorced,Non-Travel,29,3482,15,2,No,0,3,1,3,4,2,2,2,16,3,9,8,0,0
2020,44,No,0,Research & Development,Research Scientist,1,3,Medical,Male,Single,Travel_Rarely,1,2436,12,6,Yes,1,3,2,3,4,3,3,0,6,2,4,3,1,2
2021,21,No,0,Sales,Sales Representative,1,1,Medical,Male,Single,Travel_Rarely,5,2380,11,1,Yes,1,3,3,3,1,4,3,0,2,6,2,2,1,2
2022,39,No,0,Research & Development,Manager,5,3,Life Sciences,Male,Single,Non-Travel,9,19431,13,2,No,0,3,4,3,4,3,2,0,21,3,6,0,1,3
2023,23,Yes,1,Sales,Sales Representative,1,3,Marketing,Male,Married,Travel_Frequently,9,1790,19,1,No,0,3,4,3,1,1,2,1,1,3,1,0,1,0
2024,36,No,0,Sales,Sales Executive,3,3,Medical,Female,Married,Travel_Rarely,3,7644,19,0,No,0,3,1,2,4,3,3,2,10,2,9,7,3,4
2025,36,No,0,Research & Development,Manufacturing Director,2,2,Life Sciences,Female,Divorced,Travel_Frequently,4,5131,13,7,No,0,3,4,3,2,2,3,3,18,3,4,2,0,2
2026,56,No,0,Research & Development,Healthcare Representative,2,4,Life Sciences,Male,Divorced,Non-Travel,1,6306,21,1,No,0,4,3,3,3,1,2,1,13,2,13,12,1,9
2027,29,Yes,1,Research & Development,Research Scientist,1,4,Medical,Male,Married,Travel_Rarely,1,4787,14,9,Yes,1,3,1,3,4,2,4,3,4,3,2,2,2,2
2031,42,No,0,Research & Development,Manager,5,3,Life Sciences,Male,Married,Travel_Rarely,2,18880,11,5,No,0,3,1,3,3,1,2,0,24,2,22,6,4,14
2032,56,Yes,1,Research & Development,Laboratory Technician,1,2,Technical Degree,Male,Married,Travel_Rarely,7,2339,11,8,No,0,3,4,3,3,4,1,1,14,4,10,9,9,8
2034,41,No,0,Research & Development,Manufacturing Director,4,4,Life Sciences,Female,Married,Travel_Rarely,28,13570,23,0,No,0,4,1,2,2,3,3,1,21,3,20,7,0,10
2035,34,No,0,Sales,Sales Executive,2,3,Marketing,Female,Married,Travel_Rarely,28,6712,21,1,No,0,4,4,2,3,4,3,2,8,2,8,7,1,7
2036,36,No,0,Sales,Sales Executive,2,4,Marketing,Male,Divorced,Non-Travel,15,5406,24,1,No,0,4,4,1,4,1,2,1,15,4,15,12,11,11
2037,41,No,0,Sales,Sales Executive,2,3,Life Sciences,Male,Divorced,Travel_Rarely,3,8938,11,2,No,0,3,3,2,2,3,3,1,14,5,5,4,0,4
2038,32,No,0,Research & Development,Research Scientist,1,3,Technical Degree,Male,Single,Travel_Rarely,2,2439,14,1,No,0,3,4,3,1,4,3,0,4,4,4,2,1,2
2040,35,No,0,Human Resources,Human Resources,3,4,Life Sciences,Female,Single,Travel_Rarely,26,8837,16,1,Yes,1,3,3,3,4,3,3,0,9,2,9,0,1,7
2041,38,No,0,Sales,Sales Executive,2,2,Life Sciences,Female,Married,Travel_Rarely,10,5343,11,1,No,0,3,1,3,4,3,3,1,10,1,10,7,1,9
2044,50,Yes,1,Sales,Sales Executive,2,4,Life Sciences,Male,Divorced,Travel_Frequently,1,6728,12,7,No,0,3,2,3,3,4,3,2,12,3,6,3,0,1
2045,36,No,0,Sales,Sales Executive,2,4,Marketing,Female,Married,Travel_Rarely,11,6652,13,4,No,0,3,2,2,4,1,2,1,8,2,6,3,0,0
2046,45,No,0,Sales,Sales Executive,2,3,Life Sciences,Female,Single,Travel_Rarely,20,4850,15,8,No,0,3,4,3,3,3,3,0,8,3,5,3,0,1
2048,40,No,0,Research & Development,Research Scientist,1,4,Life Sciences,Male,Single,Travel_Rarely,2,2809,14,2,No,0,3,3,2,3,4,3,0,8,2,2,2,2,2
2049,35,No,0,Research & Development,Healthcare Representative,2,4,Life Sciences,Male,Married,Travel_Frequently,18,5689,14,1,Yes,1,3,3,3,3,4,4,2,10,2,10,2,0,2
2051,40,No,0,Research & Development,Research Scientist,1,4,Medical,Female,Married,Travel_Rarely,2,2001,14,2,No,0,3,3,3,3,2,3,3,20,2,5,3,0,2
2052,35,No,0,Research & Development,Research Scientist,1,4,Life Sciences,Female,Married,Travel_Rarely,1,2977,12,1,No,0,3,3,1,4,4,3,1,4,5,4,3,1,1
2053,29,No,0,Research & Development,Laboratory Technician,2,2,Other,Male,Married,Travel_Rarely,13,4025,13,4,Yes,1,3,4,2,2,1,3,1,10,2,4,3,0,3
2054,29,No,0,Research & Development,Research Scientist,1,4,Medical,Female,Single,Travel_Rarely,28,3785,14,1,No,0,3,4,2,1,2,1,0,5,3,5,4,0,4
2055,50,Yes,1,Sales,Sales Executive,3,3,Marketing,Male,Divorced,Travel_Rarely,28,10854,13,4,Yes,1,3,4,2,1,2,3,1,20,3,3,2,2,0
2056,39,No,0,Sales,Sales Executive,4,1,Marketing,Female,Married,Travel_Rarely,24,12031,11,0,No,0,3,2,2,4,1,2,1,21,2,20,9,9,6
2057,31,No,0,Research & Development,Manufacturing Director,2,3,Medical,Male,Single,Non-Travel,5,9936,19,0,No,0,3,2,3,1,2,3,0,10,2,9,4,1,7
2060,26,No,0,Sales,Sales Representative,1,3,Other,Female,Single,Travel_Rarely,5,2966,18,0,No,0,3,4,2,3,4,3,0,5,2,4,2,0,0
2061,36,No,0,Research & Development,Laboratory Technician,2,2,Medical,Male,Married,Travel_Frequently,23,2571,17,4,No,0,3,3,4,4,3,3,1,17,3,5,2,0,3
2062,39,No,0,Research & Development,Healthcare Representative,3,1,Medical,Male,Married,Travel_Rarely,6,9991,15,4,No,0,3,4,2,1,1,3,1,9,5,7,7,1,7
2064,27,No,0,Research & Development,Manufacturing Director,2,3,Life Sciences,Male,Married,Travel_Rarely,4,6142,20,1,Yes,1,4,2,4,2,2,3,1,6,0,6,2,0,3
2065,49,No,0,Sales,Sales Executive,2,3,Medical,Male,Married,Travel_Frequently,2,5390,14,2,No,0,3,4,2,2,4,2,0,17,3,9,6,0,8
2068,34,No,0,Research & Development,Laboratory Technician,2,3,Medical,Male,Married,Travel_Rarely,8,4404,12,2,No,0,3,2,4,3,1,4,0,6,3,4,3,1,2
